/* Generated by tools/gen_aafont.py -- do not edit by hand.
 *
 * Inter SemiBold at 30 px: capitals 22 px, x-height 17, ascent 30, descent 8.
 * 95 glyphs, 979 kerning pairs, 20129 bytes in all.
 * With case forms.
 * Made with:
 *   python3 tools/gen_aafont.py assets/fonts/Inter-SemiBold.ttf 30 --name rooms_head --charset ascii --case
 *
 * The glyphs are rendered from Inter, copyright (c) 2016 The Inter Project
 * Authors, and like the font are under the SIL Open Font License 1.1
 * (assets/fonts/Inter-OFL.txt), not this repository's licence.
 *
 * Include from main/aafont.c only: the arrays are static and the font
 * object is defined here, declared in aafont.h.
 */
#ifndef FONT_ROOMS_HEAD_H
#define FONT_ROOMS_HEAD_H

#include "aafont.h"

static const uint8_t rooms_head_bits[15073] = {
    /* ! */
    0x0F, 0xFF, 0xF2, 0x0F, 0xFF, 0xF2, 0x0F, 0xFF, 0xF1, 0x0E, 0xFF, 0xF1, 0x0E, 0xFF, 0xF1, 0x0E,
    0xFF, 0xF1, 0x0E, 0xFF, 0xF0, 0x0D, 0xFF, 0xF0, 0x0D, 0xFF, 0xF0, 0x0D, 0xFF, 0xE0, 0x0D, 0xFF,
    0xE0, 0x0C, 0xFF, 0xE0, 0x0C, 0xFF, 0xE0, 0x0C, 0xFF, 0xD0, 0x0B, 0xFF, 0xD0, 0x00, 0x00, 0x00,
    0x00, 0x00, 0x00, 0x05, 0xDE, 0x70, 0x2F, 0xFF, 0xF3, 0x4F, 0xFF, 0xF6, 0x2F, 0xFF, 0xF3, 0x05,
    0xDE, 0x70,
    /* " */
    0x3F, 0xFF, 0x70, 0x5F, 0xFF, 0x60, 0x3F, 0xFF, 0x70, 0x4F, 0xFF, 0x60, 0x2F, 0xFF, 0x60, 0x3F,
    0xFF, 0x50, 0x1F, 0xFF, 0x50, 0x3F, 0xFF, 0x40, 0x1F, 0xFF, 0x50, 0x2F, 0xFF, 0x40, 0x0F, 0xFF,
    0x40, 0x1F, 0xFF, 0x30, 0x0E, 0xFF, 0x30, 0x1F, 0xFF, 0x20, 0x0E, 0xFF, 0x30, 0x0F, 0xFF, 0x20,
    0x0D, 0xFF, 0x20, 0x0E, 0xFF, 0x10,
    /* # */
    0x00, 0x00, 0x00, 0xBF, 0xF3, 0x00, 0x01, 0xFF, 0xE0, 0x00, 0x00, 0x00, 0x00, 0xEF, 0xF1, 0x00,
    0x03, 0xFF, 0xB0, 0x00, 0x00, 0x00, 0x01, 0xFF, 0xD0, 0x00, 0x06, 0xFF, 0x80, 0x00, 0x00, 0x00,
    0x04, 0xFF, 0xA0, 0x00, 0x09, 0xFF, 0x50, 0x00, 0x00, 0x00, 0x07, 0xFF, 0x70, 0x00, 0x0C, 0xFF,
    0x30, 0x00, 0x00, 0xAF, 0xFF, 0xFF, 0xFF, 0xFF, 0xFF, 0xFF, 0xFF, 0xF1, 0x00, 0xDF, 0xFF, 0xFF,
    0xFF, 0xFF, 0xFF, 0xFF, 0xFF, 0xE0, 0x00, 0xFF, 0xFF, 0xFF, 0xFF, 0xFF, 0xFF, 0xFF, 0xFF, 0xC0,
    0x00, 0x33, 0x4F, 0xFD, 0x33, 0x33, 0x8F, 0xF9, 0x33, 0x20, 0x00, 0x00, 0x4F, 0xFB, 0x00, 0x00,
    0x9F, 0xF6, 0x00, 0x00, 0x00, 0x00, 0x6F, 0xF8, 0x00, 0x00, 0xBF, 0xF3, 0x00, 0x00, 0x00, 0x00,
    0x8F, 0xF6, 0x00, 0x00, 0xDF, 0xF1, 0x00, 0x00, 0x00, 0x00, 0xBF, 0xF4, 0x00, 0x01, 0xFF, 0xE0,
    0x00, 0x00, 0x0E, 0xFF, 0xFF, 0xFF, 0xFF, 0xFF, 0xFF, 0xFF, 0xFD, 0x00, 0x2F, 0xFF, 0xFF, 0xFF,
    0xFF, 0xFF, 0xFF, 0xFF, 0xFA, 0x00, 0x4F, 0xFF, 0xFF, 0xFF, 0xFF, 0xFF, 0xFF, 0xFF, 0xF8, 0x00,
    0x13, 0x37, 0xFF, 0xA3, 0x33, 0x3B, 0xFF, 0x63, 0x31, 0x00, 0x00, 0x07, 0xFF, 0x70, 0x00, 0x0C,
    0xFF, 0x20, 0x00, 0x00, 0x00, 0x0A, 0xFF, 0x50, 0x00, 0x0F, 0xFF, 0x00, 0x00, 0x00, 0x00, 0x0C,
    0xFF, 0x20, 0x00, 0x2F, 0xFC, 0x00, 0x00, 0x00, 0x00, 0x0E, 0xFF, 0x00, 0x00, 0x5F, 0xFA, 0x00,
    0x00, 0x00, 0x00, 0x2F, 0xFD, 0x00, 0x00, 0x7F, 0xF8, 0x00, 0x00, 0x00,
    /* $ */
    0x00, 0x00, 0x00, 0x00, 0xFB, 0x00, 0x00, 0x00, 0x00, 0x00, 0x00, 0x00, 0x00, 0xFB, 0x00, 0x00,
    0x00, 0x00, 0x00, 0x00, 0x00, 0x00, 0xFB, 0x00, 0x00, 0x00, 0x00, 0x00, 0x00, 0x00, 0x01, 0xFB,
    0x00, 0x00, 0x00, 0x00, 0x00, 0x00, 0x28, 0xDF, 0xFF, 0xEC, 0x72, 0x00, 0x00, 0x00, 0x07, 0xFF,
    0xFF, 0xFF, 0xFF, 0xFE, 0x60, 0x00, 0x00, 0x9F, 0xFF, 0xFF, 0xFF, 0xFF, 0xFF, 0xF6, 0x00, 0x04,
    0xFF, 0xFF, 0xC6, 0xFC, 0x7D, 0xFF, 0xFF, 0x20, 0x0B, 0xFF, 0xF9, 0x00, 0xFB, 0x00, 0xBF, 0xFF,
    0x80, 0x0E, 0xFF, 0xF1, 0x00, 0xFB, 0x00, 0x2F, 0xFF, 0xB0, 0x0F, 0xFF, 0xF1, 0x00, 0xFB, 0x00,
    0x02, 0x22, 0x10, 0x0D, 0xFF, 0xF7, 0x00, 0xFB, 0x00, 0x00, 0x00, 0x00, 0x08, 0xFF, 0xFF, 0xB4,
    0xFB, 0x00, 0x00, 0x00, 0x00, 0x01, 0xDF, 0xFF, 0xFF, 0xFD, 0x72, 0x00, 0x00, 0x00, 0x00, 0x1B,
    0xFF, 0xFF, 0xFF, 0xFF, 0xC6, 0x00, 0x00, 0x00, 0x00, 0x4B, 0xFF, 0xFF, 0xFF, 0xFF, 0xC2, 0x00,
    0x00, 0x00, 0x00, 0x15, 0xFF, 0xFF, 0xFF, 0xFD, 0x10, 0x00, 0x00, 0x00, 0x00, 0xFB, 0x28, 0xFF,
    0xFF, 0x90, 0x00, 0x00, 0x00, 0x00, 0xFB, 0x00, 0x4F, 0xFF, 0xE0, 0x58, 0x88, 0x30, 0x00, 0xFB,
    0x00, 0x0D, 0xFF, 0xF1, 0x7F, 0xFF, 0x80, 0x00, 0xFB, 0x00, 0x0E, 0xFF, 0xF1, 0x3F, 0xFF, 0xE3,
    0x00, 0xFB, 0x00, 0x8F, 0xFF, 0xD0, 0x0C, 0xFF, 0xFF, 0x84, 0xFC, 0x5B, 0xFF, 0xFF, 0x70, 0x03,
    0xEF, 0xFF, 0xFF, 0xFF, 0xFF, 0xFF, 0xFC, 0x10, 0x00, 0x3D, 0xFF, 0xFF, 0xFF, 0xFF, 0xFF, 0xB1,
    0x00, 0x00, 0x01, 0x6B, 0xDF, 0xFF, 0xED, 0xA4, 0x00, 0x00, 0x00, 0x00, 0x00, 0x00, 0xFB, 0x00,
    0x00, 0x00, 0x00, 0x00, 0x00, 0x00, 0x00, 0xFB, 0x00, 0x00, 0x00, 0x00, 0x00, 0x00, 0x00, 0x00,
    0xFB, 0x00, 0x00, 0x00, 0x00,
    /* % */
    0x00, 0x29, 0xDF, 0xEA, 0x20, 0x00, 0x00, 0x00, 0x00, 0x4F, 0xF9, 0x00, 0x00, 0x02, 0xEF, 0xFF,
    0xFF, 0xE3, 0x00, 0x00, 0x00, 0x01, 0xDF, 0xD1, 0x00, 0x00, 0x0B, 0xFF, 0x83, 0x6F, 0xFC, 0x00,
    0x00, 0x00, 0x0A, 0xFF, 0x30, 0x00, 0x00, 0x0F, 0xFD, 0x00, 0x0B, 0xFF, 0x10, 0x00, 0x00, 0x5F,
    0xF8, 0x00, 0x00, 0x00, 0x1F, 0xFB, 0x00, 0x0A, 0xFF, 0x20, 0x00, 0x01, 0xEF, 0xC0, 0x00, 0x00,
    0x00, 0x0F, 0xFC, 0x00, 0x0B, 0xFF, 0x10, 0x00, 0x0A, 0xFF, 0x30, 0x00, 0x00, 0x00, 0x0C, 0xFF,
    0x51, 0x4F, 0xFD, 0x00, 0x00, 0x6F, 0xF7, 0x00, 0x00, 0x00, 0x00, 0x04, 0xFF, 0xFF, 0xFF, 0xF4,
    0x00, 0x02, 0xEF, 0xC0, 0x00, 0x00, 0x00, 0x00, 0x00, 0x4C, 0xFF, 0xFC, 0x40, 0x00, 0x0B, 0xFF,
    0x20, 0x00, 0x00, 0x00, 0x00, 0x00, 0x00, 0x12, 0x10, 0x00, 0x00, 0x6F, 0xF7, 0x00, 0x00, 0x00,
    0x00, 0x00, 0x00, 0x00, 0x00, 0x00, 0x00, 0x02, 0xEF, 0xB0, 0x00, 0x00, 0x00, 0x00, 0x00, 0x00,
    0x00, 0x00, 0x00, 0x00, 0x0C, 0xFE, 0x20, 0x00, 0x8D, 0xFD, 0x92, 0x00, 0x00, 0x00, 0x00, 0x00,
    0x00, 0x7F, 0xF6, 0x00, 0x0B, 0xFF, 0xFF, 0xFD, 0x20, 0x00, 0x00, 0x00, 0x00, 0x03, 0xFF, 0xB0,
    0x00, 0x7F, 0xFA, 0x37, 0xFF, 0xA0, 0x00, 0x00, 0x00, 0x00, 0x0C, 0xFE, 0x20, 0x00, 0xCF, 0xE1,
    0x00, 0xCF, 0xE0, 0x00, 0x00, 0x00, 0x00, 0x8F, 0xF5, 0x00, 0x00, 0xFF, 0xC0, 0x00, 0x9F, 0xF2,
    0x00, 0x00, 0x00, 0x03, 0xFF, 0xA0, 0x00, 0x00, 0xFF, 0xC0, 0x00, 0x9F, 0xF3, 0x00, 0x00, 0x00,
    0x0D, 0xFE, 0x10, 0x00, 0x00, 0xFF, 0xC0, 0x00, 0x9F, 0xF2, 0x00, 0x00, 0x00, 0x8F, 0xF5, 0x00,
    0x00, 0x00, 0xCF, 0xE1, 0x00, 0xCF, 0xE0, 0x00, 0x00, 0x04, 0xFF, 0x90, 0x00, 0x00, 0x00, 0x7F,
    0xF9, 0x37, 0xFF, 0xA0, 0x00, 0x00, 0x1D, 0xFD, 0x10, 0x00, 0x00, 0x00, 0x0C, 0xFF, 0xFF, 0xFD,
    0x20, 0x00, 0x00, 0x9F, 0xF4, 0x00, 0x00, 0x00, 0x00, 0x01, 0x8D, 0xFD, 0x92, 0x00,
    /* & */
    0x00, 0x00, 0x4A, 0xDF, 0xEB, 0x50, 0x00, 0x00, 0x00, 0x00, 0x00, 0x08, 0xFF, 0xFF, 0xFF, 0xFB,
    0x00, 0x00, 0x00, 0x00, 0x00, 0x5F, 0xFF, 0xFF, 0xFF, 0xFF, 0x80, 0x00, 0x00, 0x00, 0x00, 0xCF,
    0xFF, 0x73, 0x5D, 0xFF, 0xE0, 0x00, 0x00, 0x00, 0x00, 0xFF, 0xF8, 0x00, 0x04, 0xFF, 0xF2, 0x00,
    0x00, 0x00, 0x00, 0xFF, 0xF5, 0x00, 0x03, 0xFF, 0xF1, 0x00, 0x00, 0x00, 0x00, 0xCF, 0xF8, 0x00,
    0x08, 0xFF, 0xB0, 0x00, 0x00, 0x00, 0x00, 0x6F, 0xFE, 0x20, 0x8F, 0xFE, 0x30, 0x00, 0x00, 0x00,
    0x00, 0x0C, 0xFF, 0xCB, 0xFF, 0xE4, 0x00, 0x00, 0x00, 0x00, 0x00, 0x02, 0xFF, 0xFF, 0xFB, 0x20,
    0x00, 0x00, 0x00, 0x00, 0x00, 0x1B, 0xFF, 0xFF, 0xF3, 0x00, 0x00, 0x00, 0x00, 0x00, 0x01, 0xDF,
    0xFF, 0xFF, 0xFD, 0x10, 0x04, 0xFF, 0xF1, 0x00, 0x0C, 0xFF, 0xFB, 0x8F, 0xFF, 0xB0, 0x06, 0xFF,
    0xF0, 0x00, 0x7F, 0xFF, 0xA0, 0x0A, 0xFF, 0xF9, 0x09, 0xFF, 0xD0, 0x00, 0xCF, 0xFF, 0x10, 0x01,
    0xCF, 0xFF, 0x7E, 0xFF, 0xA0, 0x00, 0xEF, 0xFD, 0x00, 0x00, 0x2D, 0xFF, 0xFF, 0xFF, 0x50, 0x00,
    0xDF, 0xFE, 0x00, 0x00, 0x03, 0xEF, 0xFF, 0xFE, 0x00, 0x00, 0xAF, 0xFF, 0x60, 0x00, 0x00, 0x8F,
    0xFF, 0xF6, 0x00, 0x00, 0x4F, 0xFF, 0xF9, 0x43, 0x5A, 0xFF, 0xFF, 0xFA, 0x00, 0x00, 0x09, 0xFF,
    0xFF, 0xFF, 0xFF, 0xFF, 0xFF, 0xFF, 0x70, 0x00, 0x00, 0x9F, 0xFF, 0xFF, 0xFF, 0xFE, 0x7D, 0xFF,
    0xF4, 0x00, 0x00, 0x03, 0x8C, 0xEF, 0xEB, 0x71, 0x03, 0xFF, 0xFE, 0x10,
    /* ' */
    0x7F, 0xFF, 0x40, 0x7F, 0xFF, 0x30, 0x6F, 0xFF, 0x20, 0x5F, 0xFF, 0x20, 0x4F, 0xFF, 0x10, 0x4F,
    0xFF, 0x00, 0x3F, 0xFF, 0x00, 0x2F, 0xFE, 0x00, 0x2F, 0xFD, 0x00,
    /* ( */
    0x00, 0x08, 0xFF, 0xF2, 0x00, 0x1E, 0xFF, 0xA0, 0x00, 0x7F, 0xFF, 0x40, 0x00, 0xDF, 0xFE, 0x00,
    0x04, 0xFF, 0xF9, 0x00, 0x09, 0xFF, 0xF4, 0x00, 0x0D, 0xFF, 0xF1, 0x00, 0x2F, 0xFF, 0xB0, 0x00,
    0x5F, 0xFF, 0x80, 0x00, 0x8F, 0xFF, 0x50, 0x00, 0xAF, 0xFF, 0x30, 0x00, 0xCF, 0xFF, 0x10, 0x00,
    0xEF, 0xFE, 0x00, 0x00, 0xFF, 0xFD, 0x00, 0x00, 0xFF, 0xFD, 0x00, 0x00, 0xFF, 0xFD, 0x00, 0x00,
    0xEF, 0xFE, 0x00, 0x00, 0xDF, 0xFF, 0x10, 0x00, 0xAF, 0xFF, 0x30, 0x00, 0x7F, 0xFF, 0x60, 0x00,
    0x4F, 0xFF, 0x90, 0x00, 0x1F, 0xFF, 0xD0, 0x00, 0x0A, 0xFF, 0xF3, 0x00, 0x05, 0xFF, 0xF8, 0x00,
    0x01, 0xEF, 0xFD, 0x00, 0x00, 0x8F, 0xFF, 0x40, 0x00, 0x1E, 0xFF, 0xA0, 0x00, 0x08, 0xFF, 0xF2,
    /* ) */
    0xDF, 0xFA, 0x00, 0x00, 0x7F, 0xFF, 0x30, 0x00, 0x2F, 0xFF, 0xA0, 0x00, 0x0B, 0xFF, 0xF1, 0x00,
    0x06, 0xFF, 0xF7, 0x00, 0x02, 0xFF, 0xFB, 0x00, 0x00, 0xCF, 0xFF, 0x10, 0x00, 0x9F, 0xFF, 0x40,
    0x00, 0x5F, 0xFF, 0x80, 0x00, 0x2F, 0xFF, 0xB0, 0x00, 0x0F, 0xFF, 0xD0, 0x00, 0x0D, 0xFF, 0xF0,
    0x00, 0x0B, 0xFF, 0xF2, 0x00, 0x0B, 0xFF, 0xF2, 0x00, 0x0A, 0xFF, 0xF3, 0x00, 0x0A, 0xFF, 0xF2,
    0x00, 0x0B, 0xFF, 0xF1, 0x00, 0x0D, 0xFF, 0xF0, 0x00, 0x0F, 0xFF, 0xD0, 0x00, 0x3F, 0xFF, 0xA0,
    0x00, 0x6F, 0xFF, 0x70, 0x00, 0xBF, 0xFF, 0x30, 0x01, 0xFF, 0xFD, 0x00, 0x05, 0xFF, 0xF8, 0x00,
    0x0B, 0xFF, 0xF2, 0x00, 0x2F, 0xFF, 0xB0, 0x00, 0x8F, 0xFF, 0x30, 0x00, 0xDF, 0xFA, 0x00, 0x00,
    /* '*' */
    0x00, 0x00, 0x01, 0xFF, 0xF0, 0x00, 0x00, 0x00, 0x00, 0x00, 0x00, 0xFF, 0xE0, 0x00, 0x00, 0x00,
    0x02, 0x10, 0x00, 0xFF, 0xE0, 0x00, 0x12, 0x00, 0x0B, 0xD4, 0x00, 0xEF, 0xD0, 0x05, 0xEA, 0x00,
    0x5F, 0xFF, 0x91, 0xDF, 0xC1, 0xAF, 0xFF, 0x40, 0x4C, 0xFF, 0xFD, 0xEF, 0xEE, 0xFF, 0xFC, 0x40,
    0x00, 0x5C, 0xFF, 0xFF, 0xFF, 0xFC, 0x40, 0x00, 0x00, 0x00, 0x7F, 0xFF, 0xFF, 0x60, 0x00, 0x00,
    0x00, 0x2A, 0xFF, 0xFF, 0xFF, 0xF9, 0x20, 0x00, 0x3A, 0xFF, 0xFE, 0xEF, 0xEF, 0xFF, 0xF9, 0x20,
    0x7F, 0xFF, 0xB2, 0xDF, 0xC3, 0xCF, 0xFF, 0x50, 0x0D, 0xE7, 0x00, 0xEF, 0xD0, 0x07, 0xFC, 0x00,
    0x03, 0x20, 0x00, 0xEF, 0xD0, 0x00, 0x33, 0x00, 0x00, 0x00, 0x00, 0xFF, 0xE0, 0x00, 0x00, 0x00,
    0x00, 0x00, 0x01, 0xFF, 0xF0, 0x00, 0x00, 0x00,
    /* + */
    0x00, 0x00, 0x05, 0xFF, 0xF0, 0x00, 0x00, 0x00, 0x00, 0x00, 0x05, 0xFF, 0xF0, 0x00, 0x00, 0x00,
    0x00, 0x00, 0x05, 0xFF, 0xF0, 0x00, 0x00, 0x00, 0x00, 0x00, 0x05, 0xFF, 0xF0, 0x00, 0x00, 0x00,
    0x00, 0x00, 0x05, 0xFF, 0xF0, 0x00, 0x00, 0x00, 0x33, 0x33, 0x36, 0xFF, 0xF3, 0x33, 0x33, 0x20,
    0xFF, 0xFF, 0xFF, 0xFF, 0xFF, 0xFF, 0xFF, 0xB0, 0xFF, 0xFF, 0xFF, 0xFF, 0xFF, 0xFF, 0xFF, 0xB0,
    0xFF, 0xFF, 0xFF, 0xFF, 0xFF, 0xFF, 0xFF, 0xB0, 0x00, 0x00, 0x05, 0xFF, 0xF0, 0x00, 0x00, 0x00,
    0x00, 0x00, 0x05, 0xFF, 0xF0, 0x00, 0x00, 0x00, 0x00, 0x00, 0x05, 0xFF, 0xF0, 0x00, 0x00, 0x00,
    0x00, 0x00, 0x05, 0xFF, 0xF0, 0x00, 0x00, 0x00, 0x00, 0x00, 0x05, 0xFF, 0xF0, 0x00, 0x00, 0x00,
    0x00, 0x00, 0x05, 0xFF, 0xF0, 0x00, 0x00, 0x00,
    /* , */
    0x00, 0xFF, 0xFD, 0x02, 0xFF, 0xF9, 0x04, 0xFF, 0xF5, 0x06, 0xFF, 0xF1, 0x08, 0xFF, 0xB0, 0x0A,
    0xFF, 0x70, 0x0D, 0xFF, 0x30, 0x0F, 0xFD, 0x00, 0x2F, 0xF9, 0x00,
    /* - */
    0x23, 0x33, 0x33, 0x33, 0x32, 0xEF, 0xFF, 0xFF, 0xFF, 0xFD, 0xEF, 0xFF, 0xFF, 0xFF, 0xFD, 0xEF,
    0xFF, 0xFF, 0xFF, 0xFD,
    /* . */
    0x08, 0xED, 0x30, 0x5F, 0xFF, 0xD0, 0x8F, 0xFF, 0xF1, 0x5F, 0xFF, 0xD0, 0x08, 0xED, 0x30,
    /* '/' */
    0x00, 0x00, 0x00, 0x05, 0xFF, 0xE0, 0x00, 0x00, 0x00, 0x09, 0xFF, 0xB0, 0x00, 0x00, 0x00, 0x0D,
    0xFF, 0x70, 0x00, 0x00, 0x00, 0x2F, 0xFF, 0x30, 0x00, 0x00, 0x00, 0x6F, 0xFE, 0x00, 0x00, 0x00,
    0x00, 0xAF, 0xFA, 0x00, 0x00, 0x00, 0x00, 0xEF, 0xF6, 0x00, 0x00, 0x00, 0x03, 0xFF, 0xF3, 0x00,
    0x00, 0x00, 0x07, 0xFF, 0xE0, 0x00, 0x00, 0x00, 0x0A, 0xFF, 0xA0, 0x00, 0x00, 0x00, 0x0E, 0xFF,
    0x60, 0x00, 0x00, 0x00, 0x3F, 0xFF, 0x20, 0x00, 0x00, 0x00, 0x7F, 0xFD, 0x00, 0x00, 0x00, 0x00,
    0xBF, 0xF9, 0x00, 0x00, 0x00, 0x00, 0xFF, 0xF5, 0x00, 0x00, 0x00, 0x04, 0xFF, 0xF1, 0x00, 0x00,
    0x00, 0x08, 0xFF, 0xC0, 0x00, 0x00, 0x00, 0x0C, 0xFF, 0x80, 0x00, 0x00, 0x00, 0x1F, 0xFF, 0x50,
    0x00, 0x00, 0x00, 0x4F, 0xFF, 0x10, 0x00, 0x00, 0x00, 0x8F, 0xFC, 0x00, 0x00, 0x00, 0x00, 0xCF,
    0xF8, 0x00, 0x00, 0x00, 0x01, 0xFF, 0xF4, 0x00, 0x00, 0x00, 0x05, 0xFF, 0xF0, 0x00, 0x00, 0x00,
    0x09, 0xFF, 0xB0, 0x00, 0x00, 0x00, 0x0D, 0xFF, 0x70, 0x00, 0x00, 0x00, 0x2F, 0xFF, 0x30, 0x00,
    0x00, 0x00,
    /* 0 */
    0x00, 0x00, 0x06, 0xBD, 0xFE, 0xC7, 0x20, 0x00, 0x00, 0x00, 0x03, 0xDF, 0xFF, 0xFF, 0xFF, 0xE6,
    0x00, 0x00, 0x00, 0x3E, 0xFF, 0xFF, 0xFF, 0xFF, 0xFF, 0x60, 0x00, 0x00, 0xDF, 0xFF, 0xD6, 0x34,
    0xBF, 0xFF, 0xF3, 0x00, 0x07, 0xFF, 0xFD, 0x10, 0x00, 0x09, 0xFF, 0xFB, 0x00, 0x0D, 0xFF, 0xF4,
    0x00, 0x00, 0x01, 0xEF, 0xFF, 0x20, 0x3F, 0xFF, 0xC0, 0x00, 0x00, 0x00, 0x8F, 0xFF, 0x70, 0x6F,
    0xFF, 0x80, 0x00, 0x00, 0x00, 0x4F, 0xFF, 0xA0, 0x9F, 0xFF, 0x60, 0x00, 0x00, 0x00, 0x1F, 0xFF,
    0xD0, 0xAF, 0xFF, 0x40, 0x00, 0x00, 0x00, 0x0F, 0xFF, 0xE0, 0xBF, 0xFF, 0x30, 0x00, 0x00, 0x00,
    0x0E, 0xFF, 0xF0, 0xBF, 0xFF, 0x30, 0x00, 0x00, 0x00, 0x0E, 0xFF, 0xF0, 0xAF, 0xFF, 0x40, 0x00,
    0x00, 0x00, 0x0F, 0xFF, 0xE0, 0x9F, 0xFF, 0x60, 0x00, 0x00, 0x00, 0x1F, 0xFF, 0xD0, 0x6F, 0xFF,
    0x80, 0x00, 0x00, 0x00, 0x4F, 0xFF, 0xA0, 0x3F, 0xFF, 0xC0, 0x00, 0x00, 0x00, 0x8F, 0xFF, 0x70,
    0x0D, 0xFF, 0xF3, 0x00, 0x00, 0x00, 0xEF, 0xFF, 0x30, 0x07, 0xFF, 0xFC, 0x10, 0x00, 0x09, 0xFF,
    0xFC, 0x00, 0x01, 0xDF, 0xFF, 0xD6, 0x34, 0xAF, 0xFF, 0xF3, 0x00, 0x00, 0x3E, 0xFF, 0xFF, 0xFF,
    0xFF, 0xFF, 0x70, 0x00, 0x00, 0x03, 0xDF, 0xFF, 0xFF, 0xFF, 0xE6, 0x00, 0x00, 0x00, 0x00, 0x16,
    0xBD, 0xFE, 0xC8, 0x20, 0x00, 0x00,
    /* 1 */
    0x00, 0x00, 0x2C, 0xFF, 0xFF, 0x00, 0x05, 0xEF, 0xFF, 0xFF, 0x00, 0x8F, 0xFF, 0xFF, 0xFF, 0x1B,
    0xFF, 0xFE, 0xFF, 0xFF, 0x2F, 0xFF, 0xC3, 0xDF, 0xFF, 0x2F, 0xF8, 0x00, 0xDF, 0xFF, 0x2E, 0x40,
    0x00, 0xDF, 0xFF, 0x11, 0x00, 0x00, 0xDF, 0xFF, 0x00, 0x00, 0x00, 0xDF, 0xFF, 0x00, 0x00, 0x00,
    0xDF, 0xFF, 0x00, 0x00, 0x00, 0xDF, 0xFF, 0x00, 0x00, 0x00, 0xDF, 0xFF, 0x00, 0x00, 0x00, 0xDF,
    0xFF, 0x00, 0x00, 0x00, 0xDF, 0xFF, 0x00, 0x00, 0x00, 0xDF, 0xFF, 0x00, 0x00, 0x00, 0xDF, 0xFF,
    0x00, 0x00, 0x00, 0xDF, 0xFF, 0x00, 0x00, 0x00, 0xDF, 0xFF, 0x00, 0x00, 0x00, 0xDF, 0xFF, 0x00,
    0x00, 0x00, 0xDF, 0xFF, 0x00, 0x00, 0x00, 0xDF, 0xFF, 0x00, 0x00, 0x00, 0xDF, 0xFF,
    /* 2 */
    0x00, 0x01, 0x7C, 0xDF, 0xDC, 0x71, 0x00, 0x00, 0x00, 0x5E, 0xFF, 0xFF, 0xFF, 0xFE, 0x60, 0x00,
    0x06, 0xFF, 0xFF, 0xFF, 0xFF, 0xFF, 0xF6, 0x00, 0x2F, 0xFF, 0xFB, 0x53, 0x5C, 0xFF, 0xFF, 0x10,
    0x8F, 0xFF, 0x90, 0x00, 0x00, 0x9F, 0xFF, 0x80, 0xBF, 0xFF, 0x10, 0x00, 0x00, 0x2F, 0xFF, 0xA0,
    0xAC, 0xCB, 0x00, 0x00, 0x00, 0x0F, 0xFF, 0xC0, 0x00, 0x00, 0x00, 0x00, 0x00, 0x2F, 0xFF, 0xA0,
    0x00, 0x00, 0x00, 0x00, 0x00, 0x7F, 0xFF, 0x60, 0x00, 0x00, 0x00, 0x00, 0x03, 0xEF, 0xFE, 0x10,
    0x00, 0x00, 0x00, 0x00, 0x1D, 0xFF, 0xF5, 0x00, 0x00, 0x00, 0x00, 0x01, 0xCF, 0xFF, 0x90, 0x00,
    0x00, 0x00, 0x00, 0x1C, 0xFF, 0xFB, 0x00, 0x00, 0x00, 0x00, 0x01, 0xCF, 0xFF, 0xC1, 0x00, 0x00,
    0x00, 0x00, 0x1C, 0xFF, 0xFC, 0x10, 0x00, 0x00, 0x00, 0x01, 0xCF, 0xFF, 0xC1, 0x00, 0x00, 0x00,
    0x00, 0x1C, 0xFF, 0xFC, 0x10, 0x00, 0x00, 0x00, 0x01, 0xCF, 0xFF, 0xD1, 0x00, 0x00, 0x00, 0x00,
    0x1D, 0xFF, 0xFE, 0x43, 0x33, 0x33, 0x33, 0x30, 0xBF, 0xFF, 0xFF, 0xFF, 0xFF, 0xFF, 0xFF, 0xF2,
    0xCF, 0xFF, 0xFF, 0xFF, 0xFF, 0xFF, 0xFF, 0xF2, 0xCF, 0xFF, 0xFF, 0xFF, 0xFF, 0xFF, 0xFF, 0xF2,
    /* 3 */
    0x00, 0x00, 0x59, 0xDE, 0xED, 0xA5, 0x00, 0x00, 0x00, 0x00, 0x3C, 0xFF, 0xFF, 0xFF, 0xFF, 0xC3,
    0x00, 0x00, 0x03, 0xEF, 0xFF, 0xFF, 0xFF, 0xFF, 0xFE, 0x20, 0x00, 0x0C, 0xFF, 0xFD, 0x74, 0x36,
    0xDF, 0xFF, 0xB0, 0x00, 0x4F, 0xFF, 0xC1, 0x00, 0x00, 0x2E, 0xFF, 0xF1, 0x00, 0x5D, 0xDD, 0x40,
    0x00, 0x00, 0x09, 0xFF, 0xF4, 0x00, 0x00, 0x00, 0x00, 0x00, 0x00, 0x09, 0xFF, 0xF3, 0x00, 0x00,
    0x00, 0x00, 0x00, 0x00, 0x2E, 0xFF, 0xD0, 0x00, 0x00, 0x00, 0x01, 0x33, 0x48, 0xEF, 0xFF, 0x50,
    0x00, 0x00, 0x00, 0x04, 0xFF, 0xFF, 0xFF, 0xC3, 0x00, 0x00, 0x00, 0x00, 0x04, 0xFF, 0xFF, 0xFB,
    0x50, 0x00, 0x00, 0x00, 0x00, 0x04, 0xFF, 0xFF, 0xFF, 0xFD, 0x40, 0x00, 0x00, 0x00, 0x00, 0x00,
    0x24, 0xCF, 0xFF, 0xE2, 0x00, 0x00, 0x00, 0x00, 0x00, 0x00, 0x0A, 0xFF, 0xFA, 0x00, 0x00, 0x00,
    0x00, 0x00, 0x00, 0x02, 0xFF, 0xFE, 0x00, 0x33, 0x33, 0x00, 0x00, 0x00, 0x00, 0xFF, 0xFF, 0x10,
    0xCF, 0xFF, 0x20, 0x00, 0x00, 0x02, 0xFF, 0xFF, 0x00, 0x9F, 0xFF, 0xA0, 0x00, 0x00, 0x0A, 0xFF,
    0xFB, 0x00, 0x2F, 0xFF, 0xFD, 0x64, 0x46, 0xDF, 0xFF, 0xF4, 0x00, 0x06, 0xFF, 0xFF, 0xFF, 0xFF,
    0xFF, 0xFF, 0x70, 0x00, 0x00, 0x5E, 0xFF, 0xFF, 0xFF, 0xFF, 0xE5, 0x00, 0x00, 0x00, 0x01, 0x6A,
    0xDE, 0xED, 0xB6, 0x10, 0x00, 0x00,
    /* 4 */
    0x00, 0x00, 0x00, 0x00, 0x03, 0xFF, 0xFF, 0xE0, 0x00, 0x00, 0x00, 0x00, 0x00, 0x0C, 0xFF, 0xFF,
    0xE0, 0x00, 0x00, 0x00, 0x00, 0x00, 0x7F, 0xFF, 0xFF, 0xE0, 0x00, 0x00, 0x00, 0x00, 0x02, 0xEF,
    0xFF, 0xFF, 0xE0, 0x00, 0x00, 0x00, 0x00, 0x0A, 0xFF, 0xFE, 0xFF, 0xE0, 0x00, 0x00, 0x00, 0x00,
    0x5F, 0xFF, 0x8B, 0xFF, 0xE0, 0x00, 0x00, 0x00, 0x01, 0xDF, 0xFD, 0x1B, 0xFF, 0xE0, 0x00, 0x00,
    0x00, 0x08, 0xFF, 0xF5, 0x0B, 0xFF, 0xE0, 0x00, 0x00, 0x00, 0x3F, 0xFF, 0xB0, 0x0B, 0xFF, 0xE0,
    0x00, 0x00, 0x00, 0xCF, 0xFE, 0x20, 0x0B, 0xFF, 0xE0, 0x00, 0x00, 0x06, 0xFF, 0xF7, 0x00, 0x0B,
    0xFF, 0xE0, 0x00, 0x00, 0x1E, 0xFF, 0xD0, 0x00, 0x0B, 0xFF, 0xE0, 0x00, 0x00, 0xAF, 0xFF, 0x40,
    0x00, 0x0B, 0xFF, 0xE0, 0x00, 0x04, 0xFF, 0xF9, 0x00, 0x00, 0x0B, 0xFF, 0xE0, 0x00, 0x0D, 0xFF,
    0xF4, 0x33, 0x33, 0x3C, 0xFF, 0xE3, 0x32, 0x3F, 0xFF, 0xFF, 0xFF, 0xFF, 0xFF, 0xFF, 0xFF, 0xFC,
    0x3F, 0xFF, 0xFF, 0xFF, 0xFF, 0xFF, 0xFF, 0xFF, 0xFC, 0x3F, 0xFF, 0xFF, 0xFF, 0xFF, 0xFF, 0xFF,
    0xFF, 0xFC, 0x00, 0x00, 0x00, 0x00, 0x00, 0x0C, 0xFF, 0xE0, 0x00, 0x00, 0x00, 0x00, 0x00, 0x00,
    0x0C, 0xFF, 0xE0, 0x00, 0x00, 0x00, 0x00, 0x00, 0x00, 0x0C, 0xFF, 0xE0, 0x00, 0x00, 0x00, 0x00,
    0x00, 0x00, 0x0C, 0xFF, 0xE0, 0x00,
    /* 5 */
    0x00, 0xBF, 0xFF, 0xFF, 0xFF, 0xFF, 0xFF, 0xF0, 0x00, 0x00, 0xCF, 0xFF, 0xFF, 0xFF, 0xFF, 0xFF,
    0xF0, 0x00, 0x00, 0xEF, 0xFF, 0xFF, 0xFF, 0xFF, 0xFF, 0xF0, 0x00, 0x00, 0xFF, 0xF9, 0x33, 0x33,
    0x33, 0x33, 0x20, 0x00, 0x02, 0xFF, 0xF6, 0x00, 0x00, 0x00, 0x00, 0x00, 0x00, 0x03, 0xFF, 0xF5,
    0x00, 0x00, 0x00, 0x00, 0x00, 0x00, 0x05, 0xFF, 0xF3, 0x00, 0x00, 0x00, 0x00, 0x00, 0x00, 0x07,
    0xFF, 0xF2, 0x5B, 0xEE, 0xD9, 0x20, 0x00, 0x00, 0x08, 0xFF, 0xFA, 0xFF, 0xFF, 0xFF, 0xF7, 0x00,
    0x00, 0x0A, 0xFF, 0xFF, 0xFF, 0xFF, 0xFF, 0xFF, 0x70, 0x00, 0x0B, 0xFF, 0xFE, 0x74, 0x36, 0xDF,
    0xFF, 0xF2, 0x00, 0x01, 0x36, 0x81, 0x00, 0x00, 0x1C, 0xFF, 0xF8, 0x00, 0x00, 0x00, 0x00, 0x00,
    0x00, 0x02, 0xFF, 0xFD, 0x00, 0x00, 0x00, 0x00, 0x00, 0x00, 0x00, 0xCF, 0xFF, 0x00, 0x00, 0x00,
    0x00, 0x00, 0x00, 0x00, 0xBF, 0xFF, 0x10, 0x14, 0x44, 0x30, 0x00, 0x00, 0x00, 0xCF, 0xFF, 0x00,
    0x1F, 0xFF, 0xC0, 0x00, 0x00, 0x02, 0xFF, 0xFC, 0x00, 0x0D, 0xFF, 0xF5, 0x00, 0x00, 0x0B, 0xFF,
    0xF7, 0x00, 0x06, 0xFF, 0xFF, 0x94, 0x35, 0xCF, 0xFF, 0xD1, 0x00, 0x00, 0xAF, 0xFF, 0xFF, 0xFF,
    0xFF, 0xFF, 0x30, 0x00, 0x00, 0x08, 0xFF, 0xFF, 0xFF, 0xFF, 0xD3, 0x00, 0x00, 0x00, 0x00, 0x38,
    0xCE, 0xFD, 0xB5, 0x00, 0x00, 0x00,
    /* 6 */
    0x00, 0x00, 0x01, 0x8C, 0xEF, 0xDB, 0x61, 0x00, 0x00, 0x00, 0x00, 0x6E, 0xFF, 0xFF, 0xFF, 0xFD,
    0x40, 0x00, 0x00, 0x06, 0xFF, 0xFF, 0xFF, 0xFF, 0xFF, 0xF4, 0x00, 0x00, 0x3F, 0xFF, 0xF9, 0x43,
    0x5C, 0xFF, 0xFE, 0x10, 0x00, 0xCF, 0xFF, 0x40, 0x00, 0x00, 0xBF, 0xFF, 0x60, 0x03, 0xFF, 0xF8,
    0x00, 0x00, 0x00, 0x29, 0x99, 0x60, 0x09, 0xFF, 0xF2, 0x00, 0x00, 0x00, 0x00, 0x00, 0x00, 0x0C,
    0xFF, 0xD0, 0x06, 0xBE, 0xEC, 0x82, 0x00, 0x00, 0x0F, 0xFF, 0xA1, 0xCF, 0xFF, 0xFF, 0xFE, 0x50,
    0x00, 0x2F, 0xFF, 0x9C, 0xFF, 0xFF, 0xFF, 0xFF, 0xF4, 0x00, 0x3F, 0xFF, 0xEF, 0xF8, 0x43, 0x7E,
    0xFF, 0xFE, 0x10, 0x3F, 0xFF, 0xFF, 0x40, 0x00, 0x02, 0xDF, 0xFF, 0x60, 0x3F, 0xFF, 0xF8, 0x00,
    0x00, 0x00, 0x5F, 0xFF, 0xB0, 0x2F, 0xFF, 0xF2, 0x00, 0x00, 0x00, 0x0F, 0xFF, 0xD0, 0x0F, 0xFF,
    0xF0, 0x00, 0x00, 0x00, 0x0D, 0xFF, 0xE0, 0x0C, 0xFF, 0xF2, 0x00, 0x00, 0x00, 0x0F, 0xFF, 0xC0,
    0x08, 0xFF, 0xF7, 0x00, 0x00, 0x00, 0x5F, 0xFF, 0x90, 0x02, 0xFF, 0xFE, 0x30, 0x00, 0x02, 0xEF,
    0xFF, 0x40, 0x00, 0x9F, 0xFF, 0xE8, 0x43, 0x7E, 0xFF, 0xFB, 0x00, 0x00, 0x0C, 0xFF, 0xFF, 0xFF,
    0xFF, 0xFF, 0xD1, 0x00, 0x00, 0x01, 0xAF, 0xFF, 0xFF, 0xFF, 0xFB, 0x20, 0x00, 0x00, 0x00, 0x03,
    0x9D, 0xEE, 0xDA, 0x40, 0x00, 0x00,
    /* 7 */
    0xCF, 0xFF, 0xFF, 0xFF, 0xFF, 0xFF, 0xFF, 0xF1, 0xCF, 0xFF, 0xFF, 0xFF, 0xFF, 0xFF, 0xFF, 0xF1,
    0xCF, 0xFF, 0xFF, 0xFF, 0xFF, 0xFF, 0xFF, 0xF1, 0x23, 0x33, 0x33, 0x33, 0x33, 0x5F, 0xFF, 0xE0,
    0x00, 0x00, 0x00, 0x00, 0x00, 0xAF, 0xFF, 0x80, 0x00, 0x00, 0x00, 0x00, 0x02, 0xFF, 0xFE, 0x10,
    0x00, 0x00, 0x00, 0x00, 0x0A, 0xFF, 0xF8, 0x00, 0x00, 0x00, 0x00, 0x00, 0x2F, 0xFF, 0xE1, 0x00,
    0x00, 0x00, 0x00, 0x00, 0xAF, 0xFF, 0x80, 0x00, 0x00, 0x00, 0x00, 0x02, 0xFF, 0xFE, 0x10, 0x00,
    0x00, 0x00, 0x00, 0x09, 0xFF, 0xF8, 0x00, 0x00, 0x00, 0x00, 0x00, 0x2F, 0xFF, 0xE1, 0x00, 0x00,
    0x00, 0x00, 0x00, 0x9F, 0xFF, 0x80, 0x00, 0x00, 0x00, 0x00, 0x02, 0xFF, 0xFE, 0x10, 0x00, 0x00,
    0x00, 0x00, 0x09, 0xFF, 0xF8, 0x00, 0x00, 0x00, 0x00, 0x00, 0x2F, 0xFF, 0xE1, 0x00, 0x00, 0x00,
    0x00, 0x00, 0x9F, 0xFF, 0x80, 0x00, 0x00, 0x00, 0x00, 0x02, 0xFF, 0xFE, 0x10, 0x00, 0x00, 0x00,
    0x00, 0x09, 0xFF, 0xF8, 0x00, 0x00, 0x00, 0x00, 0x00, 0x1F, 0xFF, 0xE1, 0x00, 0x00, 0x00, 0x00,
    0x00, 0x8F, 0xFF, 0x80, 0x00, 0x00, 0x00, 0x00, 0x01, 0xEF, 0xFE, 0x10, 0x00, 0x00, 0x00, 0x00,
    /* 8 */
    0x00, 0x00, 0x59, 0xDE, 0xED, 0xA5, 0x00, 0x00, 0x00, 0x00, 0x2C, 0xFF, 0xFF, 0xFF, 0xFF, 0xD4,
    0x00, 0x00, 0x02, 0xDF, 0xFF, 0xFF, 0xFF, 0xFF, 0xFE, 0x40, 0x00, 0x0A, 0xFF, 0xFE, 0x74, 0x36,
    0xDF, 0xFF, 0xD0, 0x00, 0x1F, 0xFF, 0xE3, 0x00, 0x00, 0x1D, 0xFF, 0xF3, 0x00, 0x3F, 0xFF, 0xB0,
    0x00, 0x00, 0x08, 0xFF, 0xF5, 0x00, 0x1F, 0xFF, 0xB0, 0x00, 0x00, 0x08, 0xFF, 0xF4, 0x00, 0x0C,
    0xFF, 0xF3, 0x00, 0x00, 0x1E, 0xFF, 0xE1, 0x00, 0x03, 0xEF, 0xFE, 0x74, 0x36, 0xDF, 0xFF, 0x50,
    0x00, 0x00, 0x3C, 0xFF, 0xFF, 0xFF, 0xFF, 0xD4, 0x00, 0x00, 0x00, 0x05, 0xCF, 0xFF, 0xFF, 0xFE,
    0x61, 0x00, 0x00, 0x02, 0xCF, 0xFF, 0xFF, 0xFF, 0xFF, 0xFD, 0x30, 0x00, 0x0D, 0xFF, 0xFC, 0x41,
    0x14, 0xBF, 0xFF, 0xE2, 0x00, 0x7F, 0xFF, 0xB0, 0x00, 0x00, 0x08, 0xFF, 0xFA, 0x00, 0xCF, 0xFF,
    0x30, 0x00, 0x00, 0x01, 0xFF, 0xFF, 0x10, 0xEF, 0xFF, 0x10, 0x00, 0x00, 0x00, 0xDF, 0xFF, 0x20,
    0xEF, 0xFF, 0x30, 0x00, 0x00, 0x01, 0xFF, 0xFF, 0x20, 0xBF, 0xFF, 0xB0, 0x00, 0x00, 0x09, 0xFF,
    0xFE, 0x00, 0x4F, 0xFF, 0xFD, 0x64, 0x36, 0xCF, 0xFF, 0xF7, 0x00, 0x07, 0xFF, 0xFF, 0xFF, 0xFF,
    0xFF, 0xFF, 0xA0, 0x00, 0x00, 0x6E, 0xFF, 0xFF, 0xFF, 0xFF, 0xE7, 0x00, 0x00, 0x00, 0x01, 0x6A,
    0xDE, 0xED, 0xB7, 0x20, 0x00, 0x00,
    /* 9 */
    0x00, 0x00, 0x5A, 0xDE, 0xEC, 0x93, 0x00, 0x00, 0x00, 0x00, 0x3D, 0xFF, 0xFF, 0xFF, 0xFF, 0x90,
    0x00, 0x00, 0x03, 0xFF, 0xFF, 0xFF, 0xFF, 0xFF, 0xFB, 0x00, 0x00, 0x1D, 0xFF, 0xFD, 0x63, 0x48,
    0xEF, 0xFF, 0x80, 0x00, 0x6F, 0xFF, 0xC1, 0x00, 0x00, 0x2E, 0xFF, 0xF1, 0x00, 0xBF, 0xFF, 0x20,
    0x00, 0x00, 0x06, 0xFF, 0xF7, 0x00, 0xEF, 0xFD, 0x00, 0x00, 0x00, 0x01, 0xFF, 0xFB, 0x00, 0xEF,
    0xFD, 0x00, 0x00, 0x00, 0x02, 0xFF, 0xFE, 0x00, 0xDF, 0xFF, 0x20, 0x00, 0x00, 0x06, 0xFF, 0xFF,
    0x10, 0x9F, 0xFF, 0xB1, 0x00, 0x00, 0x3E, 0xFF, 0xFF, 0x20, 0x3F, 0xFF, 0xFD, 0x63, 0x48, 0xEF,
    0xEF, 0xFF, 0x30, 0x07, 0xFF, 0xFF, 0xFF, 0xFF, 0xFB, 0xAF, 0xFF, 0x20, 0x00, 0x7F, 0xFF, 0xFF,
    0xFF, 0xB1, 0xAF, 0xFF, 0x10, 0x00, 0x03, 0x9D, 0xEE, 0xB5, 0x00, 0xCF, 0xFE, 0x00, 0x00, 0x00,
    0x00, 0x00, 0x00, 0x01, 0xFF, 0xFC, 0x00, 0x34, 0x44, 0x00, 0x00, 0x00, 0x05, 0xFF, 0xF8, 0x00,
    0x9F, 0xFF, 0x50, 0x00, 0x00, 0x0B, 0xFF, 0xF3, 0x00, 0x5F, 0xFF, 0xD1, 0x00, 0x00, 0x7F, 0xFF,
    0xB0, 0x00, 0x0C, 0xFF, 0xFD, 0x63, 0x4A, 0xFF, 0xFF, 0x30, 0x00, 0x02, 0xEF, 0xFF, 0xFF, 0xFF,
    0xFF, 0xF6, 0x00, 0x00, 0x00, 0x3C, 0xFF, 0xFF, 0xFF, 0xFE, 0x50, 0x00, 0x00, 0x00, 0x00, 0x5B,
    0xDF, 0xEC, 0x71, 0x00, 0x00, 0x00,
    /* : */
    0x08, 0xED, 0x30, 0x5F, 0xFF, 0xD0, 0x8F, 0xFF, 0xF1, 0x5F, 0xFF, 0xD0, 0x08, 0xED, 0x30, 0x00,
    0x00, 0x00, 0x00, 0x00, 0x00, 0x00, 0x00, 0x00, 0x00, 0x00, 0x00, 0x00, 0x00, 0x00, 0x00, 0x00,
    0x00, 0x08, 0xED, 0x30, 0x5F, 0xFF, 0xD0, 0x8F, 0xFF, 0xF1, 0x5F, 0xFF, 0xD0, 0x08, 0xED, 0x30,
    /* ; */
    0x00, 0x4D, 0xE7, 0x00, 0x01, 0xEF, 0xFF, 0x30, 0x03, 0xFF, 0xFF, 0x60, 0x01, 0xEF, 0xFF, 0x30,
    0x00, 0x4D, 0xE7, 0x00, 0x00, 0x00, 0x00, 0x00, 0x00, 0x00, 0x00, 0x00, 0x00, 0x00, 0x00, 0x00,
    0x00, 0x00, 0x00, 0x00, 0x00, 0x00, 0x00, 0x00, 0x00, 0x00, 0x00, 0x00, 0x00, 0x00, 0x00, 0x00,
    0x00, 0x00, 0x00, 0x00, 0x00, 0xFF, 0xFD, 0x00, 0x02, 0xFF, 0xF9, 0x00, 0x04, 0xFF, 0xF5, 0x00,
    0x06, 0xFF, 0xF1, 0x00, 0x08, 0xFF, 0xB0, 0x00, 0x0A, 0xFF, 0x70, 0x00, 0x0D, 0xFF, 0x30, 0x00,
    0x0F, 0xFD, 0x00, 0x00, 0x2F, 0xF9, 0x00, 0x00,
    /* < */
    0x00, 0x00, 0x00, 0x00, 0x00, 0x00, 0x03, 0xA0, 0x00, 0x00, 0x00, 0x00, 0x00, 0x04, 0xBF, 0xF0,
    0x00, 0x00, 0x00, 0x00, 0x05, 0xCF, 0xFF, 0xF0, 0x00, 0x00, 0x00, 0x16, 0xDF, 0xFF, 0xFF, 0xF0,
    0x00, 0x00, 0x18, 0xEF, 0xFF, 0xFF, 0xE8, 0x20, 0x00, 0x29, 0xEF, 0xFF, 0xFF, 0xC6, 0x00, 0x00,
    0x2A, 0xFF, 0xFF, 0xFF, 0xA4, 0x00, 0x00, 0x00, 0x8F, 0xFF, 0xFE, 0x82, 0x00, 0x00, 0x00, 0x00,
    0x8F, 0xFF, 0xE4, 0x00, 0x00, 0x00, 0x00, 0x00, 0x8F, 0xFF, 0xFF, 0xC6, 0x10, 0x00, 0x00, 0x00,
    0x05, 0xCF, 0xFF, 0xFF, 0xE8, 0x20, 0x00, 0x00, 0x00, 0x04, 0xBF, 0xFF, 0xFF, 0xFA, 0x30, 0x00,
    0x00, 0x00, 0x03, 0xAF, 0xFF, 0xFF, 0xFC, 0x60, 0x00, 0x00, 0x00, 0x02, 0x9E, 0xFF, 0xFF, 0xF0,
    0x00, 0x00, 0x00, 0x00, 0x01, 0x8E, 0xFF, 0xF0, 0x00, 0x00, 0x00, 0x00, 0x00, 0x01, 0x7D, 0xF0,
    0x00, 0x00, 0x00, 0x00, 0x00, 0x00, 0x00, 0x50,
    /* = */
    0x23, 0x33, 0x33, 0x33, 0x33, 0x33, 0x33, 0x00, 0xFF, 0xFF, 0xFF, 0xFF, 0xFF, 0xFF, 0xFF, 0x30,
    0xFF, 0xFF, 0xFF, 0xFF, 0xFF, 0xFF, 0xFF, 0x30, 0xFF, 0xFF, 0xFF, 0xFF, 0xFF, 0xFF, 0xFF, 0x30,
    0x00, 0x00, 0x00, 0x00, 0x00, 0x00, 0x00, 0x00, 0x00, 0x00, 0x00, 0x00, 0x00, 0x00, 0x00, 0x00,
    0x00, 0x00, 0x00, 0x00, 0x00, 0x00, 0x00, 0x00, 0x23, 0x33, 0x33, 0x33, 0x33, 0x33, 0x33, 0x00,
    0xFF, 0xFF, 0xFF, 0xFF, 0xFF, 0xFF, 0xFF, 0x30, 0xFF, 0xFF, 0xFF, 0xFF, 0xFF, 0xFF, 0xFF, 0x30,
    0xFF, 0xFF, 0xFF, 0xFF, 0xFF, 0xFF, 0xFF, 0x30,
    /* > */
    0x1A, 0x30, 0x00, 0x00, 0x00, 0x00, 0x00, 0x00, 0x1F, 0xFB, 0x40, 0x00, 0x00, 0x00, 0x00, 0x00,
    0x1F, 0xFF, 0xFC, 0x50, 0x00, 0x00, 0x00, 0x00, 0x1F, 0xFF, 0xFF, 0xFD, 0x60, 0x00, 0x00, 0x00,
    0x02, 0x8E, 0xFF, 0xFF, 0xFE, 0x71, 0x00, 0x00, 0x00, 0x01, 0x6C, 0xFF, 0xFF, 0xFE, 0x82, 0x00,
    0x00, 0x00, 0x00, 0x4A, 0xFF, 0xFF, 0xFF, 0x92, 0x00, 0x00, 0x00, 0x00, 0x28, 0xEF, 0xFF, 0xF7,
    0x00, 0x00, 0x00, 0x00, 0x00, 0x5E, 0xFF, 0xF7, 0x00, 0x00, 0x00, 0x01, 0x6D, 0xFF, 0xFF, 0xF6,
    0x00, 0x00, 0x02, 0x8E, 0xFF, 0xFF, 0xFB, 0x40, 0x00, 0x04, 0xAF, 0xFF, 0xFF, 0xFA, 0x30, 0x00,
    0x06, 0xCF, 0xFF, 0xFF, 0xF9, 0x20, 0x00, 0x00, 0x1F, 0xFF, 0xFF, 0xE8, 0x20, 0x00, 0x00, 0x00,
    0x1F, 0xFF, 0xE7, 0x10, 0x00, 0x00, 0x00, 0x00, 0x1F, 0xD6, 0x00, 0x00, 0x00, 0x00, 0x00, 0x00,
    0x15, 0x00, 0x00, 0x00, 0x00, 0x00, 0x00, 0x00,
    /* ? */
    0x00, 0x02, 0x8C, 0xEF, 0xDB, 0x61, 0x00, 0x00, 0x00, 0x7F, 0xFF, 0xFF, 0xFF, 0xFD, 0x30, 0x00,
    0x07, 0xFF, 0xFF, 0xFF, 0xFF, 0xFF, 0xE2, 0x00, 0x1E, 0xFF, 0xFA, 0x43, 0x7E, 0xFF, 0xFA, 0x00,
    0x5F, 0xFF, 0xA0, 0x00, 0x03, 0xFF, 0xFE, 0x00, 0x7E, 0xEE, 0x40, 0x00, 0x00, 0xDF, 0xFF, 0x10,
    0x00, 0x00, 0x00, 0x00, 0x00, 0xEF, 0xFF, 0x00, 0x00, 0x00, 0x00, 0x00, 0x06, 0xFF, 0xFB, 0x00,
    0x00, 0x00, 0x00, 0x00, 0x7F, 0xFF, 0xF4, 0x00, 0x00, 0x00, 0x00, 0x2C, 0xFF, 0xFF, 0x60, 0x00,
    0x00, 0x00, 0x02, 0xEF, 0xFF, 0xD3, 0x00, 0x00, 0x00, 0x00, 0x09, 0xFF, 0xFA, 0x10, 0x00, 0x00,
    0x00, 0x00, 0x0D, 0xFF, 0xD0, 0x00, 0x00, 0x00, 0x00, 0x00, 0x0F, 0xFF, 0x80, 0x00, 0x00, 0x00,
    0x00, 0x00, 0x1C, 0xCC, 0x60, 0x00, 0x00, 0x00, 0x00, 0x00, 0x00, 0x00, 0x00, 0x00, 0x00, 0x00,
    0x00, 0x00, 0x00, 0x00, 0x00, 0x00, 0x00, 0x00, 0x00, 0x00, 0x09, 0xEC, 0x30, 0x00, 0x00, 0x00,
    0x00, 0x00, 0x7F, 0xFF, 0xD0, 0x00, 0x00, 0x00, 0x00, 0x00, 0xAF, 0xFF, 0xF1, 0x00, 0x00, 0x00,
    0x00, 0x00, 0x7F, 0xFF, 0xD0, 0x00, 0x00, 0x00, 0x00, 0x00, 0x0A, 0xEC, 0x30, 0x00, 0x00, 0x00,
    /* @ */
    0x00, 0x00, 0x00, 0x00, 0x26, 0xAC, 0xEF, 0xED, 0xC9, 0x51, 0x00, 0x00, 0x00, 0x00, 0x00, 0x00,
    0x00, 0x3A, 0xFF, 0xFF, 0xFF, 0xFF, 0xFF, 0xFE, 0x81, 0x00, 0x00, 0x00, 0x00, 0x00, 0x08, 0xFF,
    0xFF, 0xFF, 0xFF, 0xFF, 0xFF, 0xFF, 0xFE, 0x40, 0x00, 0x00, 0x00, 0x01, 0xBF, 0xFF, 0xFE, 0xA6,
    0x53, 0x34, 0x69, 0xDF, 0xFF, 0xF6, 0x00, 0x00, 0x00, 0x0A, 0xFF, 0xFE, 0x71, 0x00, 0x00, 0x00,
    0x00, 0x05, 0xEF, 0xFF, 0x50, 0x00, 0x00, 0x6F, 0xFF, 0xD2, 0x00, 0x00, 0x00, 0x00, 0x00, 0x00,
    0x1C, 0xFF, 0xE2, 0x00, 0x01, 0xEF, 0xFD, 0x10, 0x00, 0x5B, 0xEE, 0xD7, 0x07, 0x99, 0x01, 0xDF,
    0xFA, 0x00, 0x07, 0xFF, 0xF3, 0x00, 0x08, 0xFF, 0xFF, 0xFF, 0xBC, 0xFF, 0x00, 0x4F, 0xFF, 0x20,
    0x0D, 0xFF, 0xB0, 0x00, 0x7F, 0xFF, 0xFF, 0xFF, 0xFF, 0xFF, 0x00, 0x0C, 0xFF, 0x80, 0x3F, 0xFF,
    0x40, 0x02, 0xEF, 0xFC, 0x53, 0x4A, 0xFF, 0xFF, 0x00, 0x06, 0xFF, 0xC0, 0x6F, 0xFF, 0x00, 0x07,
    0xFF, 0xC1, 0x00, 0x00, 0x9F, 0xFF, 0x00, 0x02, 0xFF, 0xF0, 0x8F, 0xFC, 0x00, 0x0C, 0xFF, 0x50,
    0x00, 0x00, 0x2F, 0xFF, 0x00, 0x00, 0xFF, 0xF2, 0xAF, 0xFA, 0x00, 0x0E, 0xFF, 0x10, 0x00, 0x00,
    0x0E, 0xFF, 0x00, 0x00, 0xEF, 0xF3, 0xBF, 0xF9, 0x00, 0x0F, 0xFE, 0x00, 0x00, 0x00, 0x0D, 0xFF,
    0x00, 0x00, 0xEF, 0xF3, 0xBF, 0xF9, 0x00, 0x0F, 0xFF, 0x00, 0x00, 0x00, 0x0D, 0xFF, 0x00, 0x00,
    0xFF, 0xF2, 0xAF, 0xFA, 0x00, 0x0E, 0xFF, 0x10, 0x00, 0x00, 0x0F, 0xFF, 0x00, 0x01, 0xFF, 0xF1,
    0x9F, 0xFB, 0x00, 0x0C, 0xFF, 0x60, 0x00, 0x00, 0x4F, 0xFF, 0x00, 0x04, 0xFF, 0xD0, 0x7F, 0xFE,
    0x00, 0x07, 0xFF, 0xC0, 0x00, 0x00, 0xBF, 0xFF, 0x10, 0x08, 0xFF, 0xA0, 0x3F, 0xFF, 0x30, 0x02,
    0xFF, 0xFC, 0x53, 0x5B, 0xFF, 0xFF, 0xA3, 0x6F, 0xFF, 0x40, 0x0E, 0xFF, 0xA0, 0x00, 0x8F, 0xFF,
    0xFF, 0xFF, 0xF8, 0xFF, 0xFF, 0xFF, 0xFC, 0x00, 0x09, 0xFF, 0xF3, 0x00, 0x0A, 0xFF, 0xFF, 0xFF,
    0x81, 0xDF, 0xFF, 0xFF, 0xE2, 0x00, 0x02, 0xFF, 0xFD, 0x10, 0x00, 0x6C, 0xEE, 0xC5, 0x00, 0x19,
    0xDF, 0xD9, 0x20, 0x00, 0x00, 0x8F, 0xFF, 0xC2, 0x00, 0x00, 0x00, 0x00, 0x00, 0x00, 0x00, 0x00,
    0x00, 0x00, 0x00, 0x1C, 0xFF, 0xFE, 0x71, 0x00, 0x00, 0x00, 0x00, 0x00, 0x00, 0x00, 0x00, 0x00,
    0x00, 0x01, 0xCF, 0xFF, 0xFE, 0xA7, 0x54, 0x33, 0x47, 0x9D, 0x60, 0x00, 0x00, 0x00, 0x00, 0x00,
    0x1A, 0xFF, 0xFF, 0xFF, 0xFF, 0xFF, 0xFF, 0xFF, 0xC0, 0x00, 0x00, 0x00, 0x00, 0x00, 0x00, 0x4B,
    0xFF, 0xFF, 0xFF, 0xFF, 0xFF, 0xFF, 0xD1, 0x00, 0x00, 0x00, 0x00, 0x00, 0x00, 0x00, 0x26, 0xAC,
    0xEF, 0xFE, 0xDA, 0x73, 0x00, 0x00, 0x00, 0x00,
    /* A */
    0x00, 0x00, 0x00, 0x01, 0xFF, 0xFF, 0xF4, 0x00, 0x00, 0x00, 0x00, 0x00, 0x00, 0x00, 0x06, 0xFF,
    0xFF, 0xF9, 0x00, 0x00, 0x00, 0x00, 0x00, 0x00, 0x00, 0x0C, 0xFF, 0xFF, 0xFE, 0x00, 0x00, 0x00,
    0x00, 0x00, 0x00, 0x00, 0x2F, 0xFF, 0xBF, 0xFF, 0x50, 0x00, 0x00, 0x00, 0x00, 0x00, 0x00, 0x7F,
    0xFF, 0x3F, 0xFF, 0xA0, 0x00, 0x00, 0x00, 0x00, 0x00, 0x00, 0xCF, 0xFD, 0x0B, 0xFF, 0xE1, 0x00,
    0x00, 0x00, 0x00, 0x00, 0x02, 0xFF, 0xF9, 0x07, 0xFF, 0xF5, 0x00, 0x00, 0x00, 0x00, 0x00, 0x08,
    0xFF, 0xF5, 0x03, 0xFF, 0xFB, 0x00, 0x00, 0x00, 0x00, 0x00, 0x0D, 0xFF, 0xF1, 0x00, 0xDF, 0xFF,
    0x10, 0x00, 0x00, 0x00, 0x00, 0x3F, 0xFF, 0xB0, 0x00, 0x8F, 0xFF, 0x60, 0x00, 0x00, 0x00, 0x00,
    0x8F, 0xFF, 0x70, 0x00, 0x4F, 0xFF, 0xC0, 0x00, 0x00, 0x00, 0x00, 0xDF, 0xFF, 0x20, 0x00, 0x0D,
    0xFF, 0xF2, 0x00, 0x00, 0x00, 0x03, 0xFF, 0xFB, 0x00, 0x00, 0x08, 0xFF, 0xF7, 0x00, 0x00, 0x00,
    0x09, 0xFF, 0xFF, 0xFF, 0xFF, 0xFF, 0xFF, 0xFD, 0x00, 0x00, 0x00, 0x0E, 0xFF, 0xFF, 0xFF, 0xFF,
    0xFF, 0xFF, 0xFF, 0x30, 0x00, 0x00, 0x4F, 0xFF, 0xFF, 0xFF, 0xFF, 0xFF, 0xFF, 0xFF, 0x80, 0x00,
    0x00, 0x9F, 0xFF, 0x83, 0x33, 0x33, 0x33, 0x5F, 0xFF, 0xD0, 0x00, 0x00, 0xEF, 0xFF, 0x20, 0x00,
    0x00, 0x00, 0x0D, 0xFF, 0xF4, 0x00, 0x05, 0xFF, 0xFD, 0x00, 0x00, 0x00, 0x00, 0x08, 0xFF, 0xF9,
    0x00, 0x0A, 0xFF, 0xF8, 0x00, 0x00, 0x00, 0x00, 0x04, 0xFF, 0xFE, 0x00, 0x1E, 0xFF, 0xF3, 0x00,
    0x00, 0x00, 0x00, 0x00, 0xEF, 0xFF, 0x50, 0x5F, 0xFF, 0xE0, 0x00, 0x00, 0x00, 0x00, 0x00, 0x9F,
    0xFF, 0xA0,
    /* B */
    0x1F, 0xFF, 0xFF, 0xFF, 0xFF, 0xDC, 0x72, 0x00, 0x00, 0x1F, 0xFF, 0xFF, 0xFF, 0xFF, 0xFF, 0xFE,
    0x60, 0x00, 0x1F, 0xFF, 0xFF, 0xFF, 0xFF, 0xFF, 0xFF, 0xF5, 0x00, 0x1F, 0xFF, 0xD3, 0x33, 0x34,
    0x7E, 0xFF, 0xFD, 0x00, 0x1F, 0xFF, 0xD0, 0x00, 0x00, 0x02, 0xEF, 0xFF, 0x30, 0x1F, 0xFF, 0xD0,
    0x00, 0x00, 0x00, 0xAF, 0xFF, 0x50, 0x1F, 0xFF, 0xD0, 0x00, 0x00, 0x00, 0x9F, 0xFF, 0x40, 0x1F,
    0xFF, 0xD0, 0x00, 0x00, 0x01, 0xEF, 0xFE, 0x10, 0x1F, 0xFF, 0xD0, 0x00, 0x01, 0x5D, 0xFF, 0xF6,
    0x00, 0x1F, 0xFF, 0xFF, 0xFF, 0xFF, 0xFF, 0xFC, 0x40, 0x00, 0x1F, 0xFF, 0xFF, 0xFF, 0xFF, 0xFF,
    0xD6, 0x10, 0x00, 0x1F, 0xFF, 0xFF, 0xFF, 0xFF, 0xFF, 0xFF, 0xE4, 0x00, 0x1F, 0xFF, 0xD3, 0x33,
    0x33, 0x5B, 0xFF, 0xFF, 0x30, 0x1F, 0xFF, 0xD0, 0x00, 0x00, 0x00, 0x9F, 0xFF, 0xA0, 0x1F, 0xFF,
    0xD0, 0x00, 0x00, 0x00, 0x1F, 0xFF, 0xF1, 0x1F, 0xFF, 0xD0, 0x00, 0x00, 0x00, 0x0C, 0xFF, 0xF2,
    0x1F, 0xFF, 0xD0, 0x00, 0x00, 0x00, 0x0E, 0xFF, 0xF2, 0x1F, 0xFF, 0xD0, 0x00, 0x00, 0x00, 0x6F,
    0xFF, 0xE0, 0x1F, 0xFF, 0xD3, 0x33, 0x33, 0x49, 0xFF, 0xFF, 0x90, 0x1F, 0xFF, 0xFF, 0xFF, 0xFF,
    0xFF, 0xFF, 0xFD, 0x10, 0x1F, 0xFF, 0xFF, 0xFF, 0xFF, 0xFF, 0xFF, 0xC2, 0x00, 0x1F, 0xFF, 0xFF,
    0xFF, 0xFF, 0xED, 0xA5, 0x00, 0x00,
    /* C */
    0x00, 0x00, 0x01, 0x6B, 0xDF, 0xED, 0xB6, 0x10, 0x00, 0x00, 0x00, 0x00, 0x6E, 0xFF, 0xFF, 0xFF,
    0xFF, 0xE7, 0x00, 0x00, 0x00, 0x0A, 0xFF, 0xFF, 0xFF, 0xFF, 0xFF, 0xFF, 0xA0, 0x00, 0x00, 0x9F,
    0xFF, 0xFC, 0x63, 0x35, 0xBF, 0xFF, 0xF9, 0x00, 0x05, 0xFF, 0xFF, 0x60, 0x00, 0x00, 0x05, 0xFF,
    0xFF, 0x30, 0x0D, 0xFF, 0xF7, 0x00, 0x00, 0x00, 0x00, 0x7F, 0xFF, 0xB0, 0x4F, 0xFF, 0xD0, 0x00,
    0x00, 0x00, 0x00, 0x0E, 0xFF, 0xE0, 0x9F, 0xFF, 0x70, 0x00, 0x00, 0x00, 0x00, 0x03, 0x44, 0x41,
    0xCF, 0xFF, 0x30, 0x00, 0x00, 0x00, 0x00, 0x00, 0x00, 0x00, 0xEF, 0xFF, 0x00, 0x00, 0x00, 0x00,
    0x00, 0x00, 0x00, 0x00, 0xEF, 0xFF, 0x00, 0x00, 0x00, 0x00, 0x00, 0x00, 0x00, 0x00, 0xEF, 0xFE,
    0x00, 0x00, 0x00, 0x00, 0x00, 0x00, 0x00, 0x00, 0xEF, 0xFF, 0x00, 0x00, 0x00, 0x00, 0x00, 0x00,
    0x00, 0x00, 0xCF, 0xFF, 0x30, 0x00, 0x00, 0x00, 0x00, 0x00, 0x00, 0x00, 0x9F, 0xFF, 0x60, 0x00,
    0x00, 0x00, 0x00, 0x03, 0x44, 0x41, 0x4F, 0xFF, 0xC0, 0x00, 0x00, 0x00, 0x00, 0x0E, 0xFF, 0xE0,
    0x0D, 0xFF, 0xF6, 0x00, 0x00, 0x00, 0x00, 0x7F, 0xFF, 0xA0, 0x05, 0xFF, 0xFF, 0x60, 0x00, 0x00,
    0x05, 0xFF, 0xFF, 0x30, 0x00, 0xAF, 0xFF, 0xFB, 0x63, 0x35, 0xBF, 0xFF, 0xF8, 0x00, 0x00, 0x0A,
    0xFF, 0xFF, 0xFF, 0xFF, 0xFF, 0xFF, 0xA0, 0x00, 0x00, 0x00, 0x7E, 0xFF, 0xFF, 0xFF, 0xFF, 0xE6,
    0x00, 0x00, 0x00, 0x00, 0x01, 0x6B, 0xDF, 0xED, 0xB6, 0x10, 0x00, 0x00,
    /* D */
    0x1F, 0xFF, 0xFF, 0xFF, 0xFE, 0xDA, 0x50, 0x00, 0x00, 0x00, 0x1F, 0xFF, 0xFF, 0xFF, 0xFF, 0xFF,
    0xFE, 0x60, 0x00, 0x00, 0x1F, 0xFF, 0xFF, 0xFF, 0xFF, 0xFF, 0xFF, 0xF9, 0x00, 0x00, 0x1F, 0xFF,
    0xD3, 0x33, 0x34, 0x7C, 0xFF, 0xFF, 0x90, 0x00, 0x1F, 0xFF, 0xD0, 0x00, 0x00, 0x00, 0x6F, 0xFF,
    0xF4, 0x00, 0x1F, 0xFF, 0xD0, 0x00, 0x00, 0x00, 0x06, 0xFF, 0xFC, 0x00, 0x1F, 0xFF, 0xD0, 0x00,
    0x00, 0x00, 0x00, 0xCF, 0xFF, 0x30, 0x1F, 0xFF, 0xD0, 0x00, 0x00, 0x00, 0x00, 0x6F, 0xFF, 0x70,
    0x1F, 0xFF, 0xD0, 0x00, 0x00, 0x00, 0x00, 0x3F, 0xFF, 0xA0, 0x1F, 0xFF, 0xD0, 0x00, 0x00, 0x00,
    0x00, 0x1F, 0xFF, 0xC0, 0x1F, 0xFF, 0xD0, 0x00, 0x00, 0x00, 0x00, 0x0F, 0xFF, 0xD0, 0x1F, 0xFF,
    0xD0, 0x00, 0x00, 0x00, 0x00, 0x0F, 0xFF, 0xD0, 0x1F, 0xFF, 0xD0, 0x00, 0x00, 0x00, 0x00, 0x1F,
    0xFF, 0xC0, 0x1F, 0xFF, 0xD0, 0x00, 0x00, 0x00, 0x00, 0x3F, 0xFF, 0xA0, 0x1F, 0xFF, 0xD0, 0x00,
    0x00, 0x00, 0x00, 0x7F, 0xFF, 0x70, 0x1F, 0xFF, 0xD0, 0x00, 0x00, 0x00, 0x00, 0xCF, 0xFF, 0x30,
    0x1F, 0xFF, 0xD0, 0x00, 0x00, 0x00, 0x07, 0xFF, 0xFC, 0x00, 0x1F, 0xFF, 0xD0, 0x00, 0x00, 0x00,
    0x6F, 0xFF, 0xF4, 0x00, 0x1F, 0xFF, 0xD3, 0x33, 0x34, 0x7C, 0xFF, 0xFF, 0x90, 0x00, 0x1F, 0xFF,
    0xFF, 0xFF, 0xFF, 0xFF, 0xFF, 0xF9, 0x00, 0x00, 0x1F, 0xFF, 0xFF, 0xFF, 0xFF, 0xFF, 0xFE, 0x60,
    0x00, 0x00, 0x1F, 0xFF, 0xFF, 0xFF, 0xFE, 0xCA, 0x50, 0x00, 0x00, 0x00,
    /* E */
    0x1F, 0xFF, 0xFF, 0xFF, 0xFF, 0xFF, 0xFF, 0xF2, 0x1F, 0xFF, 0xFF, 0xFF, 0xFF, 0xFF, 0xFF, 0xF2,
    0x1F, 0xFF, 0xFF, 0xFF, 0xFF, 0xFF, 0xFF, 0xF2, 0x1F, 0xFF, 0xD3, 0x33, 0x33, 0x33, 0x33, 0x30,
    0x1F, 0xFF, 0xD0, 0x00, 0x00, 0x00, 0x00, 0x00, 0x1F, 0xFF, 0xD0, 0x00, 0x00, 0x00, 0x00, 0x00,
    0x1F, 0xFF, 0xD0, 0x00, 0x00, 0x00, 0x00, 0x00, 0x1F, 0xFF, 0xD0, 0x00, 0x00, 0x00, 0x00, 0x00,
    0x1F, 0xFF, 0xD0, 0x00, 0x00, 0x00, 0x00, 0x00, 0x1F, 0xFF, 0xFF, 0xFF, 0xFF, 0xFF, 0xFF, 0x50,
    0x1F, 0xFF, 0xFF, 0xFF, 0xFF, 0xFF, 0xFF, 0x50, 0x1F, 0xFF, 0xFF, 0xFF, 0xFF, 0xFF, 0xFF, 0x50,
    0x1F, 0xFF, 0xD3, 0x33, 0x33, 0x33, 0x33, 0x10, 0x1F, 0xFF, 0xD0, 0x00, 0x00, 0x00, 0x00, 0x00,
    0x1F, 0xFF, 0xD0, 0x00, 0x00, 0x00, 0x00, 0x00, 0x1F, 0xFF, 0xD0, 0x00, 0x00, 0x00, 0x00, 0x00,
    0x1F, 0xFF, 0xD0, 0x00, 0x00, 0x00, 0x00, 0x00, 0x1F, 0xFF, 0xD0, 0x00, 0x00, 0x00, 0x00, 0x00,
    0x1F, 0xFF, 0xD3, 0x33, 0x33, 0x33, 0x33, 0x30, 0x1F, 0xFF, 0xFF, 0xFF, 0xFF, 0xFF, 0xFF, 0xF3,
    0x1F, 0xFF, 0xFF, 0xFF, 0xFF, 0xFF, 0xFF, 0xF3, 0x1F, 0xFF, 0xFF, 0xFF, 0xFF, 0xFF, 0xFF, 0xF3,
    /* F */
    0x1F, 0xFF, 0xFF, 0xFF, 0xFF, 0xFF, 0xFF, 0xE0, 0x1F, 0xFF, 0xFF, 0xFF, 0xFF, 0xFF, 0xFF, 0xE0,
    0x1F, 0xFF, 0xFF, 0xFF, 0xFF, 0xFF, 0xFF, 0xE0, 0x1F, 0xFF, 0xD3, 0x33, 0x33, 0x33, 0x33, 0x20,
    0x1F, 0xFF, 0xD0, 0x00, 0x00, 0x00, 0x00, 0x00, 0x1F, 0xFF, 0xD0, 0x00, 0x00, 0x00, 0x00, 0x00,
    0x1F, 0xFF, 0xD0, 0x00, 0x00, 0x00, 0x00, 0x00, 0x1F, 0xFF, 0xD0, 0x00, 0x00, 0x00, 0x00, 0x00,
    0x1F, 0xFF, 0xD0, 0x00, 0x00, 0x00, 0x00, 0x00, 0x1F, 0xFF, 0xD3, 0x33, 0x33, 0x33, 0x32, 0x00,
    0x1F, 0xFF, 0xFF, 0xFF, 0xFF, 0xFF, 0xFE, 0x00, 0x1F, 0xFF, 0xFF, 0xFF, 0xFF, 0xFF, 0xFE, 0x00,
    0x1F, 0xFF, 0xFF, 0xFF, 0xFF, 0xFF, 0xFE, 0x00, 0x1F, 0xFF, 0xD0, 0x00, 0x00, 0x00, 0x00, 0x00,
    0x1F, 0xFF, 0xD0, 0x00, 0x00, 0x00, 0x00, 0x00, 0x1F, 0xFF, 0xD0, 0x00, 0x00, 0x00, 0x00, 0x00,
    0x1F, 0xFF, 0xD0, 0x00, 0x00, 0x00, 0x00, 0x00, 0x1F, 0xFF, 0xD0, 0x00, 0x00, 0x00, 0x00, 0x00,
    0x1F, 0xFF, 0xD0, 0x00, 0x00, 0x00, 0x00, 0x00, 0x1F, 0xFF, 0xD0, 0x00, 0x00, 0x00, 0x00, 0x00,
    0x1F, 0xFF, 0xD0, 0x00, 0x00, 0x00, 0x00, 0x00, 0x1F, 0xFF, 0xD0, 0x00, 0x00, 0x00, 0x00, 0x00,
    /* G */
    0x00, 0x00, 0x00, 0x27, 0xBE, 0xFE, 0xDA, 0x50, 0x00, 0x00, 0x00, 0x00, 0x00, 0x19, 0xFF, 0xFF,
    0xFF, 0xFF, 0xFD, 0x50, 0x00, 0x00, 0x00, 0x01, 0xCF, 0xFF, 0xFF, 0xFF, 0xFF, 0xFF, 0xF8, 0x00,
    0x00, 0x00, 0x1C, 0xFF, 0xFF, 0xA5, 0x34, 0x6D, 0xFF, 0xFF, 0x70, 0x00, 0x00, 0x8F, 0xFF, 0xE4,
    0x00, 0x00, 0x00, 0x8F, 0xFF, 0xF2, 0x00, 0x02, 0xFF, 0xFF, 0x40, 0x00, 0x00, 0x00, 0x0A, 0xFF,
    0xF8, 0x00, 0x08, 0xFF, 0xF9, 0x00, 0x00, 0x00, 0x00, 0x03, 0xBB, 0xB9, 0x00, 0x0C, 0xFF, 0xF4,
    0x00, 0x00, 0x00, 0x00, 0x00, 0x00, 0x00, 0x00, 0x0F, 0xFF, 0xE0, 0x00, 0x00, 0x00, 0x00, 0x00,
    0x00, 0x00, 0x00, 0x2F, 0xFF, 0xC0, 0x00, 0x00, 0x00, 0x00, 0x00, 0x00, 0x00, 0x00, 0x3F, 0xFF,
    0xB0, 0x00, 0x00, 0x0B, 0xFF, 0xFF, 0xFF, 0xFF, 0x20, 0x3F, 0xFF, 0xB0, 0x00, 0x00, 0x0B, 0xFF,
    0xFF, 0xFF, 0xFF, 0x20, 0x2F, 0xFF, 0xC0, 0x00, 0x00, 0x0B, 0xFF, 0xFF, 0xFF, 0xFF, 0x20, 0x0F,
    0xFF, 0xE0, 0x00, 0x00, 0x02, 0x33, 0x33, 0xBF, 0xFF, 0x10, 0x0C, 0xFF, 0xF3, 0x00, 0x00, 0x00,
    0x00, 0x00, 0xDF, 0xFE, 0x00, 0x08, 0xFF, 0xF9, 0x00, 0x00, 0x00, 0x00, 0x02, 0xFF, 0xFC, 0x00,
    0x02, 0xFF, 0xFF, 0x30, 0x00, 0x00, 0x00, 0x09, 0xFF, 0xF7, 0x00, 0x00, 0x9F, 0xFF, 0xE4, 0x00,
    0x00, 0x00, 0x7F, 0xFF, 0xE1, 0x00, 0x00, 0x1D, 0xFF, 0xFF, 0xA5, 0x33, 0x6B, 0xFF, 0xFF, 0x40,
    0x00, 0x00, 0x02, 0xDF, 0xFF, 0xFF, 0xFF, 0xFF, 0xFF, 0xF7, 0x00, 0x00, 0x00, 0x00, 0x19, 0xFF,
    0xFF, 0xFF, 0xFF, 0xFD, 0x40, 0x00, 0x00, 0x00, 0x00, 0x00, 0x27, 0xBE, 0xFF, 0xDA, 0x60, 0x00,
    0x00, 0x00,
    /* H */
    0x1F, 0xFF, 0xD0, 0x00, 0x00, 0x00, 0x00, 0x0F, 0xFF, 0xE0, 0x1F, 0xFF, 0xD0, 0x00, 0x00, 0x00,
    0x00, 0x0F, 0xFF, 0xE0, 0x1F, 0xFF, 0xD0, 0x00, 0x00, 0x00, 0x00, 0x0F, 0xFF, 0xE0, 0x1F, 0xFF,
    0xD0, 0x00, 0x00, 0x00, 0x00, 0x0F, 0xFF, 0xE0, 0x1F, 0xFF, 0xD0, 0x00, 0x00, 0x00, 0x00, 0x0F,
    0xFF, 0xE0, 0x1F, 0xFF, 0xD0, 0x00, 0x00, 0x00, 0x00, 0x0F, 0xFF, 0xE0, 0x1F, 0xFF, 0xD0, 0x00,
    0x00, 0x00, 0x00, 0x0F, 0xFF, 0xE0, 0x1F, 0xFF, 0xD0, 0x00, 0x00, 0x00, 0x00, 0x0F, 0xFF, 0xE0,
    0x1F, 0xFF, 0xD0, 0x00, 0x00, 0x00, 0x00, 0x0F, 0xFF, 0xE0, 0x1F, 0xFF, 0xFF, 0xFF, 0xFF, 0xFF,
    0xFF, 0xFF, 0xFF, 0xE0, 0x1F, 0xFF, 0xFF, 0xFF, 0xFF, 0xFF, 0xFF, 0xFF, 0xFF, 0xE0, 0x1F, 0xFF,
    0xFF, 0xFF, 0xFF, 0xFF, 0xFF, 0xFF, 0xFF, 0xE0, 0x1F, 0xFF, 0xD3, 0x33, 0x33, 0x33, 0x33, 0x3F,
    0xFF, 0xE0, 0x1F, 0xFF, 0xD0, 0x00, 0x00, 0x00, 0x00, 0x0F, 0xFF, 0xE0, 0x1F, 0xFF, 0xD0, 0x00,
    0x00, 0x00, 0x00, 0x0F, 0xFF, 0xE0, 0x1F, 0xFF, 0xD0, 0x00, 0x00, 0x00, 0x00, 0x0F, 0xFF, 0xE0,
    0x1F, 0xFF, 0xD0, 0x00, 0x00, 0x00, 0x00, 0x0F, 0xFF, 0xE0, 0x1F, 0xFF, 0xD0, 0x00, 0x00, 0x00,
    0x00, 0x0F, 0xFF, 0xE0, 0x1F, 0xFF, 0xD0, 0x00, 0x00, 0x00, 0x00, 0x0F, 0xFF, 0xE0, 0x1F, 0xFF,
    0xD0, 0x00, 0x00, 0x00, 0x00, 0x0F, 0xFF, 0xE0, 0x1F, 0xFF, 0xD0, 0x00, 0x00, 0x00, 0x00, 0x0F,
    0xFF, 0xE0, 0x1F, 0xFF, 0xD0, 0x00, 0x00, 0x00, 0x00, 0x0F, 0xFF, 0xE0,
    /* I */
    0x1F, 0xFF, 0xD0, 0x1F, 0xFF, 0xD0, 0x1F, 0xFF, 0xD0, 0x1F, 0xFF, 0xD0, 0x1F, 0xFF, 0xD0, 0x1F,
    0xFF, 0xD0, 0x1F, 0xFF, 0xD0, 0x1F, 0xFF, 0xD0, 0x1F, 0xFF, 0xD0, 0x1F, 0xFF, 0xD0, 0x1F, 0xFF,
    0xD0, 0x1F, 0xFF, 0xD0, 0x1F, 0xFF, 0xD0, 0x1F, 0xFF, 0xD0, 0x1F, 0xFF, 0xD0, 0x1F, 0xFF, 0xD0,
    0x1F, 0xFF, 0xD0, 0x1F, 0xFF, 0xD0, 0x1F, 0xFF, 0xD0, 0x1F, 0xFF, 0xD0, 0x1F, 0xFF, 0xD0, 0x1F,
    0xFF, 0xD0,
    /* J */
    0x00, 0x00, 0x00, 0x00, 0x00, 0x0E, 0xFF, 0xE0, 0x00, 0x00, 0x00, 0x00, 0x00, 0x0E, 0xFF, 0xE0,
    0x00, 0x00, 0x00, 0x00, 0x00, 0x0E, 0xFF, 0xE0, 0x00, 0x00, 0x00, 0x00, 0x00, 0x0E, 0xFF, 0xE0,
    0x00, 0x00, 0x00, 0x00, 0x00, 0x0E, 0xFF, 0xE0, 0x00, 0x00, 0x00, 0x00, 0x00, 0x0E, 0xFF, 0xE0,
    0x00, 0x00, 0x00, 0x00, 0x00, 0x0E, 0xFF, 0xE0, 0x00, 0x00, 0x00, 0x00, 0x00, 0x0E, 0xFF, 0xE0,
    0x00, 0x00, 0x00, 0x00, 0x00, 0x0E, 0xFF, 0xE0, 0x00, 0x00, 0x00, 0x00, 0x00, 0x0E, 0xFF, 0xE0,
    0x00, 0x00, 0x00, 0x00, 0x00, 0x0E, 0xFF, 0xE0, 0x00, 0x00, 0x00, 0x00, 0x00, 0x0E, 0xFF, 0xE0,
    0x00, 0x00, 0x00, 0x00, 0x00, 0x0E, 0xFF, 0xE0, 0x00, 0x00, 0x00, 0x00, 0x00, 0x0E, 0xFF, 0xE0,
    0x1E, 0xEE, 0xB0, 0x00, 0x00, 0x0E, 0xFF, 0xE0, 0x1F, 0xFF, 0xC0, 0x00, 0x00, 0x0E, 0xFF, 0xE0,
    0x0F, 0xFF, 0xE0, 0x00, 0x00, 0x1F, 0xFF, 0xD0, 0x0C, 0xFF, 0xF6, 0x00, 0x00, 0x8F, 0xFF, 0xA0,
    0x07, 0xFF, 0xFF, 0x84, 0x49, 0xFF, 0xFF, 0x40, 0x01, 0xCF, 0xFF, 0xFF, 0xFF, 0xFF, 0xFA, 0x00,
    0x00, 0x1B, 0xFF, 0xFF, 0xFF, 0xFF, 0xA1, 0x00, 0x00, 0x00, 0x5A, 0xDF, 0xFD, 0xA4, 0x00, 0x00,
    /* K */
    0x1F, 0xFF, 0xD0, 0x00, 0x00, 0x00, 0x06, 0xFF, 0xFF, 0x70, 0x1F, 0xFF, 0xD0, 0x00, 0x00, 0x00,
    0x4F, 0xFF, 0xF9, 0x00, 0x1F, 0xFF, 0xD0, 0x00, 0x00, 0x02, 0xEF, 0xFF, 0xB0, 0x00, 0x1F, 0xFF,
    0xD0, 0x00, 0x00, 0x1D, 0xFF, 0xFD, 0x10, 0x00, 0x1F, 0xFF, 0xD0, 0x00, 0x00, 0xCF, 0xFF, 0xE2,
    0x00, 0x00, 0x1F, 0xFF, 0xD0, 0x00, 0x0A, 0xFF, 0xFE, 0x30, 0x00, 0x00, 0x1F, 0xFF, 0xD0, 0x00,
    0x8F, 0xFF, 0xF5, 0x00, 0x00, 0x00, 0x1F, 0xFF, 0xD0, 0x05, 0xFF, 0xFF, 0x70, 0x00, 0x00, 0x00,
    0x1F, 0xFF, 0xD0, 0x3E, 0xFF, 0xF9, 0x00, 0x00, 0x00, 0x00, 0x1F, 0xFF, 0xC1, 0xDF, 0xFF, 0xC0,
    0x00, 0x00, 0x00, 0x00, 0x1F, 0xFF, 0xC9, 0xFF, 0xFF, 0xE2, 0x00, 0x00, 0x00, 0x00, 0x1F, 0xFF,
    0xEF, 0xFF, 0xFF, 0xFC, 0x00, 0x00, 0x00, 0x00, 0x1F, 0xFF, 0xFF, 0xFA, 0xEF, 0xFF, 0x70, 0x00,
    0x00, 0x00, 0x1F, 0xFF, 0xFF, 0xA0, 0x5F, 0xFF, 0xF3, 0x00, 0x00, 0x00, 0x1F, 0xFF, 0xFB, 0x00,
    0x0A, 0xFF, 0xFD, 0x00, 0x00, 0x00, 0x1F, 0xFF, 0xE1, 0x00, 0x01, 0xEF, 0xFF, 0x80, 0x00, 0x00,
    0x1F, 0xFF, 0xD0, 0x00, 0x00, 0x5F, 0xFF, 0xF4, 0x00, 0x00, 0x1F, 0xFF, 0xD0, 0x00, 0x00, 0x09,
    0xFF, 0xFD, 0x10, 0x00, 0x1F, 0xFF, 0xD0, 0x00, 0x00, 0x01, 0xDF, 0xFF, 0xA0, 0x00, 0x1F, 0xFF,
    0xD0, 0x00, 0x00, 0x00, 0x4F, 0xFF, 0xF5, 0x00, 0x1F, 0xFF, 0xD0, 0x00, 0x00, 0x00, 0x09, 0xFF,
    0xFE, 0x10, 0x1F, 0xFF, 0xD0, 0x00, 0x00, 0x00, 0x01, 0xDF, 0xFF, 0xB0,
    /* L */
    0x1F, 0xFF, 0xD0, 0x00, 0x00, 0x00, 0x00, 0x00, 0x1F, 0xFF, 0xD0, 0x00, 0x00, 0x00, 0x00, 0x00,
    0x1F, 0xFF, 0xD0, 0x00, 0x00, 0x00, 0x00, 0x00, 0x1F, 0xFF, 0xD0, 0x00, 0x00, 0x00, 0x00, 0x00,
    0x1F, 0xFF, 0xD0, 0x00, 0x00, 0x00, 0x00, 0x00, 0x1F, 0xFF, 0xD0, 0x00, 0x00, 0x00, 0x00, 0x00,
    0x1F, 0xFF, 0xD0, 0x00, 0x00, 0x00, 0x00, 0x00, 0x1F, 0xFF, 0xD0, 0x00, 0x00, 0x00, 0x00, 0x00,
    0x1F, 0xFF, 0xD0, 0x00, 0x00, 0x00, 0x00, 0x00, 0x1F, 0xFF, 0xD0, 0x00, 0x00, 0x00, 0x00, 0x00,
    0x1F, 0xFF, 0xD0, 0x00, 0x00, 0x00, 0x00, 0x00, 0x1F, 0xFF, 0xD0, 0x00, 0x00, 0x00, 0x00, 0x00,
    0x1F, 0xFF, 0xD0, 0x00, 0x00, 0x00, 0x00, 0x00, 0x1F, 0xFF, 0xD0, 0x00, 0x00, 0x00, 0x00, 0x00,
    0x1F, 0xFF, 0xD0, 0x00, 0x00, 0x00, 0x00, 0x00, 0x1F, 0xFF, 0xD0, 0x00, 0x00, 0x00, 0x00, 0x00,
    0x1F, 0xFF, 0xD0, 0x00, 0x00, 0x00, 0x00, 0x00, 0x1F, 0xFF, 0xD0, 0x00, 0x00, 0x00, 0x00, 0x00,
    0x1F, 0xFF, 0xD3, 0x33, 0x33, 0x33, 0x33, 0x10, 0x1F, 0xFF, 0xFF, 0xFF, 0xFF, 0xFF, 0xFF, 0x80,
    0x1F, 0xFF, 0xFF, 0xFF, 0xFF, 0xFF, 0xFF, 0x80, 0x1F, 0xFF, 0xFF, 0xFF, 0xFF, 0xFF, 0xFF, 0x80,
    /* M */
    0x4F, 0xFF, 0xFF, 0xC0, 0x00, 0x00, 0x00, 0x00, 0x02, 0xFF, 0xFF, 0xFF, 0x4F, 0xFF, 0xFF, 0xF2,
    0x00, 0x00, 0x00, 0x00, 0x07, 0xFF, 0xFF, 0xFF, 0x4F, 0xFF, 0xFF, 0xF7, 0x00, 0x00, 0x00, 0x00,
    0x0C, 0xFF, 0xFF, 0xFF, 0x4F, 0xFF, 0xFF, 0xFD, 0x00, 0x00, 0x00, 0x00, 0x3F, 0xFF, 0xFF, 0xFF,
    0x4F, 0xFF, 0xDF, 0xFF, 0x30, 0x00, 0x00, 0x00, 0x8F, 0xFF, 0xDF, 0xFF, 0x4F, 0xFF, 0x9F, 0xFF,
    0x90, 0x00, 0x00, 0x00, 0xDF, 0xFB, 0xCF, 0xFF, 0x4F, 0xFF, 0x7D, 0xFF, 0xE0, 0x00, 0x00, 0x04,
    0xFF, 0xF7, 0xDF, 0xFF, 0x4F, 0xFF, 0x78, 0xFF, 0xF5, 0x00, 0x00, 0x09, 0xFF, 0xF2, 0xDF, 0xFF,
    0x4F, 0xFF, 0x74, 0xFF, 0xFA, 0x00, 0x00, 0x1E, 0xFF, 0xD0, 0xDF, 0xFF, 0x4F, 0xFF, 0x80, 0xEF,
    0xFF, 0x10, 0x00, 0x5F, 0xFF, 0x80, 0xEF, 0xFF, 0x4F, 0xFF, 0x80, 0x9F, 0xFF, 0x60, 0x00, 0xBF,
    0xFF, 0x30, 0xEF, 0xFF, 0x4F, 0xFF, 0x80, 0x4F, 0xFF, 0xB0, 0x01, 0xFF, 0xFD, 0x00, 0xEF, 0xFF,
    0x4F, 0xFF, 0x80, 0x0D, 0xFF, 0xF1, 0x05, 0xFF, 0xF8, 0x00, 0xEF, 0xFF, 0x4F, 0xFF, 0x80, 0x08,
    0xFF, 0xF5, 0x09, 0xFF, 0xF2, 0x00, 0xEF, 0xFF, 0x4F, 0xFF, 0x80, 0x02, 0xFF, 0xF9, 0x0D, 0xFF,
    0xB0, 0x00, 0xEF, 0xFF, 0x4F, 0xFF, 0x80, 0x00, 0xBF, 0xFD, 0x2F, 0xFF, 0x60, 0x00, 0xEF, 0xFF,
    0x4F, 0xFF, 0x80, 0x00, 0x6F, 0xFF, 0x7F, 0xFF, 0x10, 0x00, 0xEF, 0xFF, 0x4F, 0xFF, 0x80, 0x00,
    0x1E, 0xFF, 0xEF, 0xFA, 0x00, 0x00, 0xEF, 0xFF, 0x4F, 0xFF, 0x80, 0x00, 0x0A, 0xFF, 0xFF, 0xF4,
    0x00, 0x00, 0xEF, 0xFF, 0x4F, 0xFF, 0x80, 0x00, 0x04, 0xFF, 0xFF, 0xE0, 0x00, 0x00, 0xEF, 0xFF,
    0x4F, 0xFF, 0x80, 0x00, 0x00, 0xDF, 0xFF, 0x80, 0x00, 0x00, 0xEF, 0xFF, 0x4F, 0xFF, 0x80, 0x00,
    0x00, 0x8F, 0xFF, 0x30, 0x00, 0x00, 0xEF, 0xFF,
    /* N */
    0x1F, 0xFF, 0xFA, 0x00, 0x00, 0x00, 0x00, 0x0A, 0xFF, 0xF5, 0x1F, 0xFF, 0xFF, 0x50, 0x00, 0x00,
    0x00, 0x0A, 0xFF, 0xF5, 0x1F, 0xFF, 0xFF, 0xD1, 0x00, 0x00, 0x00, 0x0A, 0xFF, 0xF5, 0x1F, 0xFF,
    0xFF, 0xF8, 0x00, 0x00, 0x00, 0x0A, 0xFF, 0xF5, 0x1F, 0xFF, 0xFF, 0xFF, 0x30, 0x00, 0x00, 0x0A,
    0xFF, 0xF5, 0x1F, 0xFF, 0xCF, 0xFF, 0xC0, 0x00, 0x00, 0x0A, 0xFF, 0xF5, 0x1F, 0xFF, 0xB9, 0xFF,
    0xF6, 0x00, 0x00, 0x0A, 0xFF, 0xF5, 0x1F, 0xFF, 0xC2, 0xFF, 0xFE, 0x10, 0x00, 0x0A, 0xFF, 0xF5,
    0x1F, 0xFF, 0xC0, 0x8F, 0xFF, 0xA0, 0x00, 0x0A, 0xFF, 0xF5, 0x1F, 0xFF, 0xD0, 0x1E, 0xFF, 0xF4,
    0x00, 0x0A, 0xFF, 0xF5, 0x1F, 0xFF, 0xE0, 0x06, 0xFF, 0xFD, 0x00, 0x0A, 0xFF, 0xF5, 0x1F, 0xFF,
    0xE0, 0x00, 0xBF, 0xFF, 0x70, 0x0A, 0xFF, 0xF5, 0x1F, 0xFF, 0xE0, 0x00, 0x2F, 0xFF, 0xF2, 0x09,
    0xFF, 0xF5, 0x1F, 0xFF, 0xE0, 0x00, 0x07, 0xFF, 0xFA, 0x09, 0xFF, 0xF5, 0x1F, 0xFF, 0xE0, 0x00,
    0x00, 0xDF, 0xFF, 0x38, 0xFF, 0xF5, 0x1F, 0xFF, 0xE0, 0x00, 0x00, 0x4F, 0xFF, 0xB8, 0xFF, 0xF5,
    0x1F, 0xFF, 0xE0, 0x00, 0x00, 0x09, 0xFF, 0xFA, 0xFF, 0xF5, 0x1F, 0xFF, 0xE0, 0x00, 0x00, 0x01,
    0xEF, 0xFF, 0xFF, 0xF5, 0x1F, 0xFF, 0xE0, 0x00, 0x00, 0x00, 0x5F, 0xFF, 0xFF, 0xF5, 0x1F, 0xFF,
    0xE0, 0x00, 0x00, 0x00, 0x0A, 0xFF, 0xFF, 0xF5, 0x1F, 0xFF, 0xE0, 0x00, 0x00, 0x00, 0x02, 0xEF,
    0xFF, 0xF5, 0x1F, 0xFF, 0xE0, 0x00, 0x00, 0x00, 0x00, 0x6F, 0xFF, 0xF5,
    /* O */
    0x00, 0x00, 0x01, 0x6A, 0xDF, 0xFD, 0xB6, 0x10, 0x00, 0x00, 0x00, 0x00, 0x6E, 0xFF, 0xFF, 0xFF,
    0xFF, 0xE7, 0x00, 0x00, 0x00, 0x0A, 0xFF, 0xFF, 0xFF, 0xFF, 0xFF, 0xFF, 0xB1, 0x00, 0x00, 0x9F,
    0xFF, 0xFB, 0x63, 0x36, 0xBF, 0xFF, 0xFA, 0x00, 0x05, 0xFF, 0xFF, 0x60, 0x00, 0x00, 0x05, 0xFF,
    0xFF, 0x60, 0x0D, 0xFF, 0xF7, 0x00, 0x00, 0x00, 0x00, 0x6F, 0xFF, 0xD0, 0x4F, 0xFF, 0xC0, 0x00,
    0x00, 0x00, 0x00, 0x0C, 0xFF, 0xF5, 0x9F, 0xFF, 0x70, 0x00, 0x00, 0x00, 0x00, 0x06, 0xFF, 0xF9,
    0xCF, 0xFF, 0x30, 0x00, 0x00, 0x00, 0x00, 0x02, 0xFF, 0xFC, 0xEF, 0xFF, 0x00, 0x00, 0x00, 0x00,
    0x00, 0x00, 0xFF, 0xFF, 0xEF, 0xFF, 0x00, 0x00, 0x00, 0x00, 0x00, 0x00, 0xEF, 0xFF, 0xEF, 0xFE,
    0x00, 0x00, 0x00, 0x00, 0x00, 0x00, 0xEF, 0xFF, 0xEF, 0xFF, 0x00, 0x00, 0x00, 0x00, 0x00, 0x00,
    0xFF, 0xFF, 0xCF, 0xFF, 0x30, 0x00, 0x00, 0x00, 0x00, 0x02, 0xFF, 0xFD, 0x9F, 0xFF, 0x60, 0x00,
    0x00, 0x00, 0x00, 0x06, 0xFF, 0xFA, 0x4F, 0xFF, 0xC0, 0x00, 0x00, 0x00, 0x00, 0x0C, 0xFF, 0xF5,
    0x0D, 0xFF, 0xF7, 0x00, 0x00, 0x00, 0x00, 0x6F, 0xFF, 0xE0, 0x05, 0xFF, 0xFF, 0x60, 0x00, 0x00,
    0x05, 0xFF, 0xFF, 0x60, 0x00, 0x9F, 0xFF, 0xFB, 0x63, 0x36, 0xBF, 0xFF, 0xFA, 0x00, 0x00, 0x0A,
    0xFF, 0xFF, 0xFF, 0xFF, 0xFF, 0xFF, 0xB1, 0x00, 0x00, 0x00, 0x6E, 0xFF, 0xFF, 0xFF, 0xFF, 0xE7,
    0x00, 0x00, 0x00, 0x00, 0x01, 0x6B, 0xDF, 0xFE, 0xB7, 0x10, 0x00, 0x00,
    /* P */
    0x1F, 0xFF, 0xFF, 0xFF, 0xFE, 0xDB, 0x61, 0x00, 0x00, 0x1F, 0xFF, 0xFF, 0xFF, 0xFF, 0xFF, 0xFD,
    0x40, 0x00, 0x1F, 0xFF, 0xFF, 0xFF, 0xFF, 0xFF, 0xFF, 0xF3, 0x00, 0x1F, 0xFF, 0xD3, 0x33, 0x34,
    0x7E, 0xFF, 0xFD, 0x00, 0x1F, 0xFF, 0xD0, 0x00, 0x00, 0x02, 0xEF, 0xFF, 0x50, 0x1F, 0xFF, 0xD0,
    0x00, 0x00, 0x00, 0x7F, 0xFF, 0x90, 0x1F, 0xFF, 0xD0, 0x00, 0x00, 0x00, 0x4F, 0xFF, 0xB0, 0x1F,
    0xFF, 0xD0, 0x00, 0x00, 0x00, 0x4F, 0xFF, 0xB0, 0x1F, 0xFF, 0xD0, 0x00, 0x00, 0x00, 0x7F, 0xFF,
    0xA0, 0x1F, 0xFF, 0xD0, 0x00, 0x00, 0x01, 0xDF, 0xFF, 0x60, 0x1F, 0xFF, 0xD0, 0x00, 0x01, 0x5D,
    0xFF, 0xFE, 0x10, 0x1F, 0xFF, 0xFF, 0xFF, 0xFF, 0xFF, 0xFF, 0xF5, 0x00, 0x1F, 0xFF, 0xFF, 0xFF,
    0xFF, 0xFF, 0xFE, 0x60, 0x00, 0x1F, 0xFF, 0xFF, 0xFF, 0xFF, 0xFD, 0x82, 0x00, 0x00, 0x1F, 0xFF,
    0xD3, 0x33, 0x32, 0x00, 0x00, 0x00, 0x00, 0x1F, 0xFF, 0xD0, 0x00, 0x00, 0x00, 0x00, 0x00, 0x00,
    0x1F, 0xFF, 0xD0, 0x00, 0x00, 0x00, 0x00, 0x00, 0x00, 0x1F, 0xFF, 0xD0, 0x00, 0x00, 0x00, 0x00,
    0x00, 0x00, 0x1F, 0xFF, 0xD0, 0x00, 0x00, 0x00, 0x00, 0x00, 0x00, 0x1F, 0xFF, 0xD0, 0x00, 0x00,
    0x00, 0x00, 0x00, 0x00, 0x1F, 0xFF, 0xD0, 0x00, 0x00, 0x00, 0x00, 0x00, 0x00, 0x1F, 0xFF, 0xD0,
    0x00, 0x00, 0x00, 0x00, 0x00, 0x00,
    /* Q */
    0x00, 0x00, 0x01, 0x6A, 0xDF, 0xFD, 0xB6, 0x10, 0x00, 0x00, 0x00, 0x00, 0x6E, 0xFF, 0xFF, 0xFF,
    0xFF, 0xE7, 0x00, 0x00, 0x00, 0x0A, 0xFF, 0xFF, 0xFF, 0xFF, 0xFF, 0xFF, 0xA0, 0x00, 0x00, 0x9F,
    0xFF, 0xFB, 0x63, 0x36, 0xBF, 0xFF, 0xFA, 0x00, 0x05, 0xFF, 0xFF, 0x60, 0x00, 0x00, 0x06, 0xFF,
    0xFF, 0x50, 0x0D, 0xFF, 0xF7, 0x00, 0x00, 0x00, 0x00, 0x6F, 0xFF, 0xD0, 0x4F, 0xFF, 0xC0, 0x00,
    0x00, 0x00, 0x00, 0x0C, 0xFF, 0xF5, 0x9F, 0xFF, 0x70, 0x00, 0x00, 0x00, 0x00, 0x06, 0xFF, 0xF9,
    0xCF, 0xFF, 0x30, 0x00, 0x00, 0x00, 0x00, 0x02, 0xFF, 0xFC, 0xEF, 0xFF, 0x00, 0x00, 0x00, 0x00,
    0x00, 0x00, 0xFF, 0xFE, 0xEF, 0xFF, 0x00, 0x00, 0x00, 0x00, 0x00, 0x00, 0xEF, 0xFF, 0xEF, 0xFE,
    0x00, 0x00, 0x00, 0x00, 0x00, 0x00, 0xEF, 0xFF, 0xEF, 0xFF, 0x00, 0x00, 0x00, 0x00, 0x00, 0x00,
    0xFF, 0xFE, 0xCF, 0xFF, 0x30, 0x00, 0x00, 0x00, 0x00, 0x02, 0xFF, 0xFD, 0x9F, 0xFF, 0x60, 0x00,
    0x05, 0x55, 0x20, 0x06, 0xFF, 0xF9, 0x4F, 0xFF, 0xC0, 0x00, 0x09, 0xFF, 0xD1, 0x0C, 0xFF, 0xF5,
    0x0D, 0xFF, 0xF7, 0x00, 0x00, 0xCF, 0xFA, 0x6F, 0xFF, 0xE1, 0x05, 0xFF, 0xFF, 0x60, 0x00, 0x2E,
    0xFF, 0xFF, 0xFF, 0x70, 0x00, 0x9F, 0xFF, 0xFB, 0x63, 0x3A, 0xFF, 0xFF, 0xFC, 0x00, 0x00, 0x0A,
    0xFF, 0xFF, 0xFF, 0xFF, 0xFF, 0xFF, 0xD1, 0x00, 0x00, 0x00, 0x6E, 0xFF, 0xFF, 0xFF, 0xFF, 0xFF,
    0xD1, 0x00, 0x00, 0x00, 0x01, 0x6B, 0xDF, 0xFD, 0xB7, 0xDF, 0xFC, 0x10, 0x00, 0x00, 0x00, 0x00,
    0x00, 0x00, 0x00, 0x2E, 0xFF, 0xA0, 0x00, 0x00, 0x00, 0x00, 0x00, 0x00, 0x00, 0x03, 0x77, 0x72,
    /* R */
    0x1F, 0xFF, 0xFF, 0xFF, 0xFF, 0xEB, 0x71, 0x00, 0x00, 0x1F, 0xFF, 0xFF, 0xFF, 0xFF, 0xFF, 0xFE,
    0x40, 0x00, 0x1F, 0xFF, 0xFF, 0xFF, 0xFF, 0xFF, 0xFF, 0xF4, 0x00, 0x1F, 0xFF, 0xD3, 0x33, 0x34,
    0x7E, 0xFF, 0xFD, 0x00, 0x1F, 0xFF, 0xD0, 0x00, 0x00, 0x02, 0xEF, 0xFF, 0x60, 0x1F, 0xFF, 0xD0,
    0x00, 0x00, 0x00, 0x7F, 0xFF, 0x90, 0x1F, 0xFF, 0xD0, 0x00, 0x00, 0x00, 0x4F, 0xFF, 0xB0, 0x1F,
    0xFF, 0xD0, 0x00, 0x00, 0x00, 0x4F, 0xFF, 0xB0, 0x1F, 0xFF, 0xD0, 0x00, 0x00, 0x00, 0x6F, 0xFF,
    0x90, 0x1F, 0xFF, 0xD0, 0x00, 0x00, 0x01, 0xDF, 0xFF, 0x60, 0x1F, 0xFF, 0xD3, 0x33, 0x34, 0x7D,
    0xFF, 0xFE, 0x10, 0x1F, 0xFF, 0xFF, 0xFF, 0xFF, 0xFF, 0xFF, 0xF5, 0x00, 0x1F, 0xFF, 0xFF, 0xFF,
    0xFF, 0xFF, 0xFE, 0x60, 0x00, 0x1F, 0xFF, 0xFF, 0xFF, 0xFF, 0xFF, 0xF2, 0x00, 0x00, 0x1F, 0xFF,
    0xD0, 0x00, 0x0C, 0xFF, 0xF7, 0x00, 0x00, 0x1F, 0xFF, 0xD0, 0x00, 0x04, 0xFF, 0xFE, 0x10, 0x00,
    0x1F, 0xFF, 0xD0, 0x00, 0x00, 0xBF, 0xFF, 0x90, 0x00, 0x1F, 0xFF, 0xD0, 0x00, 0x00, 0x3F, 0xFF,
    0xF2, 0x00, 0x1F, 0xFF, 0xD0, 0x00, 0x00, 0x0A, 0xFF, 0xFA, 0x00, 0x1F, 0xFF, 0xD0, 0x00, 0x00,
    0x02, 0xFF, 0xFF, 0x40, 0x1F, 0xFF, 0xD0, 0x00, 0x00, 0x00, 0x9F, 0xFF, 0xC0, 0x1F, 0xFF, 0xD0,
    0x00, 0x00, 0x00, 0x1E, 0xFF, 0xF5,
    /* S */
    0x00, 0x00, 0x16, 0xBD, 0xEE, 0xDA, 0x61, 0x00, 0x00, 0x00, 0x06, 0xEF, 0xFF, 0xFF, 0xFF, 0xFD,
    0x50, 0x00, 0x00, 0x7F, 0xFF, 0xFF, 0xFF, 0xFF, 0xFF, 0xF5, 0x00, 0x04, 0xFF, 0xFF, 0xB5, 0x34,
    0x6C, 0xFF, 0xFE, 0x10, 0x0B, 0xFF, 0xF8, 0x00, 0x00, 0x00, 0xAF, 0xFF, 0x80, 0x0E, 0xFF, 0xF1,
    0x00, 0x00, 0x00, 0x2F, 0xFF, 0xB0, 0x0F, 0xFF, 0xF1, 0x00, 0x00, 0x00, 0x01, 0x11, 0x10, 0x0D,
    0xFF, 0xF9, 0x00, 0x00, 0x00, 0x00, 0x00, 0x00, 0x08, 0xFF, 0xFF, 0xC6, 0x20, 0x00, 0x00, 0x00,
    0x00, 0x01, 0xDF, 0xFF, 0xFF, 0xFD, 0x94, 0x00, 0x00, 0x00, 0x00, 0x1B, 0xFF, 0xFF, 0xFF, 0xFF,
    0xE8, 0x10, 0x00, 0x00, 0x00, 0x4B, 0xFF, 0xFF, 0xFF, 0xFF, 0xD3, 0x00, 0x00, 0x00, 0x00, 0x14,
    0x8C, 0xFF, 0xFF, 0xFE, 0x20, 0x00, 0x00, 0x00, 0x00, 0x00, 0x28, 0xEF, 0xFF, 0xA0, 0x00, 0x00,
    0x00, 0x00, 0x00, 0x00, 0x3F, 0xFF, 0xE0, 0x59, 0x99, 0x30, 0x00, 0x00, 0x00, 0x0D, 0xFF, 0xF1,
    0x7F, 0xFF, 0x80, 0x00, 0x00, 0x00, 0x0E, 0xFF, 0xF0, 0x3F, 0xFF, 0xE3, 0x00, 0x00, 0x00, 0x8F,
    0xFF, 0xC0, 0x0B, 0xFF, 0xFF, 0xA5, 0x34, 0x6C, 0xFF, 0xFF, 0x50, 0x02, 0xDF, 0xFF, 0xFF, 0xFF,
    0xFF, 0xFF, 0xFA, 0x00, 0x00, 0x2B, 0xFF, 0xFF, 0xFF, 0xFF, 0xFF, 0x80, 0x00, 0x00, 0x00, 0x39,
    0xCE, 0xFE, 0xDB, 0x72, 0x00, 0x00,
    /* T */
    0xCF, 0xFF, 0xFF, 0xFF, 0xFF, 0xFF, 0xFF, 0xFF, 0xF9, 0xCF, 0xFF, 0xFF, 0xFF, 0xFF, 0xFF, 0xFF,
    0xFF, 0xF9, 0xCF, 0xFF, 0xFF, 0xFF, 0xFF, 0xFF, 0xFF, 0xFF, 0xF9, 0x23, 0x33, 0x33, 0x3F, 0xFF,
    0xD3, 0x33, 0x33, 0x32, 0x00, 0x00, 0x00, 0x1F, 0xFF, 0xD0, 0x00, 0x00, 0x00, 0x00, 0x00, 0x00,
    0x1F, 0xFF, 0xD0, 0x00, 0x00, 0x00, 0x00, 0x00, 0x00, 0x1F, 0xFF, 0xD0, 0x00, 0x00, 0x00, 0x00,
    0x00, 0x00, 0x1F, 0xFF, 0xD0, 0x00, 0x00, 0x00, 0x00, 0x00, 0x00, 0x1F, 0xFF, 0xD0, 0x00, 0x00,
    0x00, 0x00, 0x00, 0x00, 0x1F, 0xFF, 0xD0, 0x00, 0x00, 0x00, 0x00, 0x00, 0x00, 0x1F, 0xFF, 0xD0,
    0x00, 0x00, 0x00, 0x00, 0x00, 0x00, 0x1F, 0xFF, 0xD0, 0x00, 0x00, 0x00, 0x00, 0x00, 0x00, 0x1F,
    0xFF, 0xD0, 0x00, 0x00, 0x00, 0x00, 0x00, 0x00, 0x1F, 0xFF, 0xD0, 0x00, 0x00, 0x00, 0x00, 0x00,
    0x00, 0x1F, 0xFF, 0xD0, 0x00, 0x00, 0x00, 0x00, 0x00, 0x00, 0x1F, 0xFF, 0xD0, 0x00, 0x00, 0x00,
    0x00, 0x00, 0x00, 0x1F, 0xFF, 0xD0, 0x00, 0x00, 0x00, 0x00, 0x00, 0x00, 0x1F, 0xFF, 0xD0, 0x00,
    0x00, 0x00, 0x00, 0x00, 0x00, 0x1F, 0xFF, 0xD0, 0x00, 0x00, 0x00, 0x00, 0x00, 0x00, 0x1F, 0xFF,
    0xD0, 0x00, 0x00, 0x00, 0x00, 0x00, 0x00, 0x1F, 0xFF, 0xD0, 0x00, 0x00, 0x00, 0x00, 0x00, 0x00,
    0x1F, 0xFF, 0xD0, 0x00, 0x00, 0x00,
    /* U */
    0xCF, 0xFF, 0x20, 0x00, 0x00, 0x00, 0x00, 0xFF, 0xFD, 0xCF, 0xFF, 0x20, 0x00, 0x00, 0x00, 0x00,
    0xFF, 0xFD, 0xCF, 0xFF, 0x20, 0x00, 0x00, 0x00, 0x00, 0xFF, 0xFD, 0xCF, 0xFF, 0x20, 0x00, 0x00,
    0x00, 0x00, 0xFF, 0xFD, 0xCF, 0xFF, 0x20, 0x00, 0x00, 0x00, 0x00, 0xFF, 0xFD, 0xCF, 0xFF, 0x20,
    0x00, 0x00, 0x00, 0x00, 0xFF, 0xFD, 0xCF, 0xFF, 0x20, 0x00, 0x00, 0x00, 0x00, 0xFF, 0xFD, 0xCF,
    0xFF, 0x20, 0x00, 0x00, 0x00, 0x00, 0xFF, 0xFD, 0xCF, 0xFF, 0x20, 0x00, 0x00, 0x00, 0x00, 0xFF,
    0xFD, 0xCF, 0xFF, 0x20, 0x00, 0x00, 0x00, 0x00, 0xFF, 0xFD, 0xCF, 0xFF, 0x20, 0x00, 0x00, 0x00,
    0x00, 0xFF, 0xFD, 0xCF, 0xFF, 0x20, 0x00, 0x00, 0x00, 0x00, 0xFF, 0xFD, 0xCF, 0xFF, 0x20, 0x00,
    0x00, 0x00, 0x00, 0xFF, 0xFD, 0xCF, 0xFF, 0x20, 0x00, 0x00, 0x00, 0x00, 0xFF, 0xFD, 0xCF, 0xFF,
    0x20, 0x00, 0x00, 0x00, 0x01, 0xFF, 0xFD, 0xAF, 0xFF, 0x50, 0x00, 0x00, 0x00, 0x03, 0xFF, 0xFC,
    0x7F, 0xFF, 0xB0, 0x00, 0x00, 0x00, 0x0A, 0xFF, 0xF8, 0x2F, 0xFF, 0xF8, 0x00, 0x00, 0x00, 0x6F,
    0xFF, 0xF3, 0x07, 0xFF, 0xFF, 0xC6, 0x33, 0x5B, 0xFF, 0xFF, 0x80, 0x00, 0x9F, 0xFF, 0xFF, 0xFF,
    0xFF, 0xFF, 0xFA, 0x00, 0x00, 0x06, 0xEF, 0xFF, 0xFF, 0xFF, 0xFF, 0x70, 0x00, 0x00, 0x00, 0x16,
    0xBD, 0xEE, 0xDB, 0x61, 0x00, 0x00,
    /* V */
    0x9F, 0xFF, 0xA0, 0x00, 0x00, 0x00, 0x00, 0x00, 0xDF, 0xFF, 0x70, 0x4F, 0xFF, 0xF1, 0x00, 0x00,
    0x00, 0x00, 0x02, 0xFF, 0xFF, 0x10, 0x0D, 0xFF, 0xF6, 0x00, 0x00, 0x00, 0x00, 0x07, 0xFF, 0xFB,
    0x00, 0x08, 0xFF, 0xFB, 0x00, 0x00, 0x00, 0x00, 0x0C, 0xFF, 0xF6, 0x00, 0x03, 0xFF, 0xFF, 0x10,
    0x00, 0x00, 0x00, 0x2F, 0xFF, 0xF1, 0x00, 0x00, 0xCF, 0xFF, 0x60, 0x00, 0x00, 0x00, 0x7F, 0xFF,
    0xA0, 0x00, 0x00, 0x7F, 0xFF, 0xB0, 0x00, 0x00, 0x00, 0xCF, 0xFF, 0x50, 0x00, 0x00, 0x2F, 0xFF,
    0xF1, 0x00, 0x00, 0x02, 0xFF, 0xFE, 0x10, 0x00, 0x00, 0x0B, 0xFF, 0xF6, 0x00, 0x00, 0x07, 0xFF,
    0xFA, 0x00, 0x00, 0x00, 0x06, 0xFF, 0xFB, 0x00, 0x00, 0x0C, 0xFF, 0xF5, 0x00, 0x00, 0x00, 0x01,
    0xFF, 0xFF, 0x10, 0x00, 0x2F, 0xFF, 0xE0, 0x00, 0x00, 0x00, 0x00, 0xBF, 0xFF, 0x60, 0x00, 0x7F,
    0xFF, 0x90, 0x00, 0x00, 0x00, 0x00, 0x5F, 0xFF, 0xB0, 0x00, 0xBF, 0xFF, 0x40, 0x00, 0x00, 0x00,
    0x00, 0x1E, 0xFF, 0xF1, 0x01, 0xFF, 0xFE, 0x00, 0x00, 0x00, 0x00, 0x00, 0x0A, 0xFF, 0xF4, 0x05,
    0xFF, 0xF9, 0x00, 0x00, 0x00, 0x00, 0x00, 0x04, 0xFF, 0xF9, 0x09, 0xFF, 0xF3, 0x00, 0x00, 0x00,
    0x00, 0x00, 0x00, 0xEF, 0xFD, 0x0D, 0xFF, 0xD0, 0x00, 0x00, 0x00, 0x00, 0x00, 0x00, 0x9F, 0xFF,
    0x4F, 0xFF, 0x80, 0x00, 0x00, 0x00, 0x00, 0x00, 0x00, 0x3F, 0xFF, 0xCF, 0xFF, 0x30, 0x00, 0x00,
    0x00, 0x00, 0x00, 0x00, 0x0D, 0xFF, 0xFF, 0xFD, 0x00, 0x00, 0x00, 0x00, 0x00, 0x00, 0x00, 0x08,
    0xFF, 0xFF, 0xF7, 0x00, 0x00, 0x00, 0x00, 0x00, 0x00, 0x00, 0x02, 0xFF, 0xFF, 0xF2, 0x00, 0x00,
    0x00, 0x00,
    /* W */
    0x6F, 0xFF, 0xC0, 0x00, 0x00, 0x00, 0x2F, 0xFF, 0xF4, 0x00, 0x00, 0x00, 0x0B, 0xFF, 0xF7, 0x2F,
    0xFF, 0xF1, 0x00, 0x00, 0x00, 0x6F, 0xFF, 0xF7, 0x00, 0x00, 0x00, 0x0E, 0xFF, 0xF3, 0x0D, 0xFF,
    0xF4, 0x00, 0x00, 0x00, 0xAF, 0xFF, 0xFB, 0x00, 0x00, 0x00, 0x3F, 0xFF, 0xE0, 0x09, 0xFF, 0xF8,
    0x00, 0x00, 0x00, 0xEF, 0xFF, 0xFF, 0x00, 0x00, 0x00, 0x7F, 0xFF, 0xA0, 0x05, 0xFF, 0xFC, 0x00,
    0x00, 0x02, 0xFF, 0xFF, 0xFF, 0x40, 0x00, 0x00, 0xAF, 0xFF, 0x60, 0x01, 0xFF, 0xFF, 0x10, 0x00,
    0x06, 0xFF, 0xED, 0xFF, 0x70, 0x00, 0x00, 0xEF, 0xFF, 0x20, 0x00, 0xCF, 0xFF, 0x40, 0x00, 0x0A,
    0xFF, 0xBA, 0xFF, 0xB0, 0x00, 0x02, 0xFF, 0xFD, 0x00, 0x00, 0x8F, 0xFF, 0x80, 0x00, 0x0E, 0xFF,
    0x98, 0xFF, 0xF0, 0x00, 0x06, 0xFF, 0xF9, 0x00, 0x00, 0x4F, 0xFF, 0xB0, 0x00, 0x2F, 0xFF, 0x64,
    0xFF, 0xF4, 0x00, 0x0A, 0xFF, 0xF5, 0x00, 0x00, 0x0E, 0xFF, 0xE0, 0x00, 0x6F, 0xFF, 0x21, 0xFF,
    0xF7, 0x00, 0x0D, 0xFF, 0xF1, 0x00, 0x00, 0x0B, 0xFF, 0xF3, 0x00, 0xAF, 0xFE, 0x00, 0xCF, 0xFB,
    0x00, 0x2F, 0xFF, 0xC0, 0x00, 0x00, 0x07, 0xFF, 0xF7, 0x00, 0xEF, 0xFA, 0x00, 0x8F, 0xFF, 0x00,
    0x5F, 0xFF, 0x80, 0x00, 0x00, 0x03, 0xFF, 0xFA, 0x02, 0xFF, 0xF6, 0x00, 0x4F, 0xFF, 0x30, 0x9F,
    0xFF, 0x40, 0x00, 0x00, 0x00, 0xEF, 0xFD, 0x06, 0xFF, 0xF2, 0x00, 0x1F, 0xFF, 0x70, 0xCF, 0xFF,
    0x00, 0x00, 0x00, 0x00, 0xAF, 0xFF, 0x19, 0xFF, 0xD0, 0x00, 0x0C, 0xFF, 0xA0, 0xFF, 0xFB, 0x00,
    0x00, 0x00, 0x00, 0x6F, 0xFF, 0x4C, 0xFF, 0x90, 0x00, 0x08, 0xFF, 0xD3, 0xFF, 0xF7, 0x00, 0x00,
    0x00, 0x00, 0x2F, 0xFF, 0x7E, 0xFF, 0x50, 0x00, 0x03, 0xFF, 0xF6, 0xFF, 0xF3, 0x00, 0x00, 0x00,
    0x00, 0x0D, 0xFF, 0xBF, 0xFF, 0x10, 0x00, 0x00, 0xEF, 0xFB, 0xFF, 0xE0, 0x00, 0x00, 0x00, 0x00,
    0x08, 0xFF, 0xFF, 0xFC, 0x00, 0x00, 0x00, 0xBF, 0xFF, 0xFF, 0xA0, 0x00, 0x00, 0x00, 0x00, 0x04,
    0xFF, 0xFF, 0xF8, 0x00, 0x00, 0x00, 0x7F, 0xFF, 0xFF, 0x60, 0x00, 0x00, 0x00, 0x00, 0x01, 0xFF,
    0xFF, 0xF4, 0x00, 0x00, 0x00, 0x3F, 0xFF, 0xFF, 0x20, 0x00, 0x00, 0x00, 0x00, 0x00, 0xBF, 0xFF,
    0xE0, 0x00, 0x00, 0x00, 0x0D, 0xFF, 0xFD, 0x00, 0x00, 0x00,
    /* X */
    0x0B, 0xFF, 0xFB, 0x00, 0x00, 0x00, 0x00, 0x1E, 0xFF, 0xF6, 0x00, 0x02, 0xEF, 0xFF, 0x60, 0x00,
    0x00, 0x00, 0xAF, 0xFF, 0xB0, 0x00, 0x00, 0x7F, 0xFF, 0xE1, 0x00, 0x00, 0x05, 0xFF, 0xFE, 0x20,
    0x00, 0x00, 0x0C, 0xFF, 0xFA, 0x00, 0x00, 0x1E, 0xFF, 0xF6, 0x00, 0x00, 0x00, 0x02, 0xFF, 0xFF,
    0x50, 0x00, 0x9F, 0xFF, 0xB0, 0x00, 0x00, 0x00, 0x00, 0x7F, 0xFF, 0xD0, 0x03, 0xFF, 0xFE, 0x20,
    0x00, 0x00, 0x00, 0x00, 0x0C, 0xFF, 0xF7, 0x0B, 0xFF, 0xF6, 0x00, 0x00, 0x00, 0x00, 0x00, 0x03,
    0xFF, 0xFE, 0x5F, 0xFF, 0xB0, 0x00, 0x00, 0x00, 0x00, 0x00, 0x00, 0x7F, 0xFF, 0xEF, 0xFE, 0x20,
    0x00, 0x00, 0x00, 0x00, 0x00, 0x00, 0x0C, 0xFF, 0xFF, 0xF6, 0x00, 0x00, 0x00, 0x00, 0x00, 0x00,
    0x00, 0x03, 0xFF, 0xFF, 0xC0, 0x00, 0x00, 0x00, 0x00, 0x00, 0x00, 0x00, 0x05, 0xFF, 0xFF, 0xE2,
    0x00, 0x00, 0x00, 0x00, 0x00, 0x00, 0x00, 0x1E, 0xFF, 0xFF, 0xFB, 0x00, 0x00, 0x00, 0x00, 0x00,
    0x00, 0x00, 0xBF, 0xFF, 0xEF, 0xFF, 0x70, 0x00, 0x00, 0x00, 0x00, 0x00, 0x06, 0xFF, 0xFC, 0x3F,
    0xFF, 0xF3, 0x00, 0x00, 0x00, 0x00, 0x00, 0x2E, 0xFF, 0xF3, 0x0A, 0xFF, 0xFC, 0x00, 0x00, 0x00,
    0x00, 0x00, 0xCF, 0xFF, 0x90, 0x01, 0xEF, 0xFF, 0x80, 0x00, 0x00, 0x00, 0x08, 0xFF, 0xFD, 0x10,
    0x00, 0x5F, 0xFF, 0xF3, 0x00, 0x00, 0x00, 0x4F, 0xFF, 0xF3, 0x00, 0x00, 0x0A, 0xFF, 0xFD, 0x10,
    0x00, 0x01, 0xDF, 0xFF, 0x80, 0x00, 0x00, 0x01, 0xEF, 0xFF, 0x90, 0x00, 0x0A, 0xFF, 0xFC, 0x00,
    0x00, 0x00, 0x00, 0x5F, 0xFF, 0xF4, 0x00, 0x6F, 0xFF, 0xF2, 0x00, 0x00, 0x00, 0x00, 0x09, 0xFF,
    0xFD, 0x10,
    /* Y */
    0xBF, 0xFF, 0xC0, 0x00, 0x00, 0x00, 0x00, 0x0D, 0xFF, 0xF9, 0x2F, 0xFF, 0xF6, 0x00, 0x00, 0x00,
    0x00, 0x7F, 0xFF, 0xE1, 0x08, 0xFF, 0xFD, 0x10, 0x00, 0x00, 0x01, 0xEF, 0xFF, 0x70, 0x01, 0xDF,
    0xFF, 0x70, 0x00, 0x00, 0x08, 0xFF, 0xFD, 0x00, 0x00, 0x5F, 0xFF, 0xE1, 0x00, 0x00, 0x1E, 0xFF,
    0xF4, 0x00, 0x00, 0x0B, 0xFF, 0xF9, 0x00, 0x00, 0x9F, 0xFF, 0xB0, 0x00, 0x00, 0x03, 0xFF, 0xFF,
    0x20, 0x02, 0xFF, 0xFF, 0x20, 0x00, 0x00, 0x00, 0x9F, 0xFF, 0xA0, 0x0A, 0xFF, 0xF8, 0x00, 0x00,
    0x00, 0x00, 0x1E, 0xFF, 0xF3, 0x3F, 0xFF, 0xD1, 0x00, 0x00, 0x00, 0x00, 0x06, 0xFF, 0xFA, 0x9F,
    0xFF, 0x50, 0x00, 0x00, 0x00, 0x00, 0x00, 0xCF, 0xFF, 0xFF, 0xFC, 0x00, 0x00, 0x00, 0x00, 0x00,
    0x00, 0x3F, 0xFF, 0xFF, 0xF3, 0x00, 0x00, 0x00, 0x00, 0x00, 0x00, 0x09, 0xFF, 0xFF, 0x90, 0x00,
    0x00, 0x00, 0x00, 0x00, 0x00, 0x01, 0xFF, 0xFF, 0x10, 0x00, 0x00, 0x00, 0x00, 0x00, 0x00, 0x00,
    0xEF, 0xFE, 0x00, 0x00, 0x00, 0x00, 0x00, 0x00, 0x00, 0x00, 0xEF, 0xFE, 0x00, 0x00, 0x00, 0x00,
    0x00, 0x00, 0x00, 0x00, 0xEF, 0xFE, 0x00, 0x00, 0x00, 0x00, 0x00, 0x00, 0x00, 0x00, 0xEF, 0xFE,
    0x00, 0x00, 0x00, 0x00, 0x00, 0x00, 0x00, 0x00, 0xEF, 0xFE, 0x00, 0x00, 0x00, 0x00, 0x00, 0x00,
    0x00, 0x00, 0xEF, 0xFE, 0x00, 0x00, 0x00, 0x00, 0x00, 0x00, 0x00, 0x00, 0xEF, 0xFE, 0x00, 0x00,
    0x00, 0x00, 0x00, 0x00, 0x00, 0x00, 0xEF, 0xFE, 0x00, 0x00, 0x00, 0x00,
    /* Z */
    0x1F, 0xFF, 0xFF, 0xFF, 0xFF, 0xFF, 0xFF, 0xFF, 0xF1, 0x1F, 0xFF, 0xFF, 0xFF, 0xFF, 0xFF, 0xFF,
    0xFF, 0xF1, 0x1F, 0xFF, 0xFF, 0xFF, 0xFF, 0xFF, 0xFF, 0xFF, 0xE0, 0x03, 0x33, 0x33, 0x33, 0x33,
    0x33, 0xDF, 0xFF, 0x50, 0x00, 0x00, 0x00, 0x00, 0x00, 0x08, 0xFF, 0xF9, 0x00, 0x00, 0x00, 0x00,
    0x00, 0x00, 0x5F, 0xFF, 0xD1, 0x00, 0x00, 0x00, 0x00, 0x00, 0x02, 0xEF, 0xFF, 0x40, 0x00, 0x00,
    0x00, 0x00, 0x00, 0x0B, 0xFF, 0xF9, 0x00, 0x00, 0x00, 0x00, 0x00, 0x00, 0x6F, 0xFF, 0xD1, 0x00,
    0x00, 0x00, 0x00, 0x00, 0x02, 0xEF, 0xFF, 0x30, 0x00, 0x00, 0x00, 0x00, 0x00, 0x0B, 0xFF, 0xF8,
    0x00, 0x00, 0x00, 0x00, 0x00, 0x00, 0x7F, 0xFF, 0xC0, 0x00, 0x00, 0x00, 0x00, 0x00, 0x02, 0xEF,
    0xFF, 0x30, 0x00, 0x00, 0x00, 0x00, 0x00, 0x0C, 0xFF, 0xF7, 0x00, 0x00, 0x00, 0x00, 0x00, 0x00,
    0x7F, 0xFF, 0xC0, 0x00, 0x00, 0x00, 0x00, 0x00, 0x03, 0xFF, 0xFE, 0x20, 0x00, 0x00, 0x00, 0x00,
    0x00, 0x0C, 0xFF, 0xF6, 0x00, 0x00, 0x00, 0x00, 0x00, 0x00, 0x8F, 0xFF, 0x90, 0x00, 0x00, 0x00,
    0x00, 0x00, 0x03, 0xFF, 0xFD, 0x33, 0x33, 0x33, 0x33, 0x33, 0x30, 0x0D, 0xFF, 0xFF, 0xFF, 0xFF,
    0xFF, 0xFF, 0xFF, 0xF2, 0x0F, 0xFF, 0xFF, 0xFF, 0xFF, 0xFF, 0xFF, 0xFF, 0xF2, 0x0F, 0xFF, 0xFF,
    0xFF, 0xFF, 0xFF, 0xFF, 0xFF, 0xF2,
    /* [ */
    0xDF, 0xFF, 0xFF, 0xD0, 0xDF, 0xFF, 0xFF, 0xD0, 0xDF, 0xFF, 0xFF, 0xD0, 0xDF, 0xFC, 0x33, 0x20,
    0xDF, 0xFC, 0x00, 0x00, 0xDF, 0xFC, 0x00, 0x00, 0xDF, 0xFC, 0x00, 0x00, 0xDF, 0xFC, 0x00, 0x00,
    0xDF, 0xFC, 0x00, 0x00, 0xDF, 0xFC, 0x00, 0x00, 0xDF, 0xFC, 0x00, 0x00, 0xDF, 0xFC, 0x00, 0x00,
    0xDF, 0xFC, 0x00, 0x00, 0xDF, 0xFC, 0x00, 0x00, 0xDF, 0xFC, 0x00, 0x00, 0xDF, 0xFC, 0x00, 0x00,
    0xDF, 0xFC, 0x00, 0x00, 0xDF, 0xFC, 0x00, 0x00, 0xDF, 0xFC, 0x00, 0x00, 0xDF, 0xFC, 0x00, 0x00,
    0xDF, 0xFC, 0x00, 0x00, 0xDF, 0xFC, 0x00, 0x00, 0xDF, 0xFC, 0x00, 0x00, 0xDF, 0xFC, 0x00, 0x00,
    0xDF, 0xFC, 0x33, 0x20, 0xDF, 0xFF, 0xFF, 0xD0, 0xDF, 0xFF, 0xFF, 0xD0, 0xDF, 0xFF, 0xFF, 0xD0,
    /* backslash */
    0x2F, 0xFF, 0x30, 0x00, 0x00, 0x00, 0x0D, 0xFF, 0x70, 0x00, 0x00, 0x00, 0x09, 0xFF, 0xB0, 0x00,
    0x00, 0x00, 0x05, 0xFF, 0xF0, 0x00, 0x00, 0x00, 0x01, 0xFF, 0xF4, 0x00, 0x00, 0x00, 0x00, 0xCF,
    0xF8, 0x00, 0x00, 0x00, 0x00, 0x8F, 0xFC, 0x00, 0x00, 0x00, 0x00, 0x4F, 0xFF, 0x10, 0x00, 0x00,
    0x00, 0x1F, 0xFF, 0x50, 0x00, 0x00, 0x00, 0x0C, 0xFF, 0x80, 0x00, 0x00, 0x00, 0x08, 0xFF, 0xC0,
    0x00, 0x00, 0x00, 0x04, 0xFF, 0xF1, 0x00, 0x00, 0x00, 0x00, 0xFF, 0xF5, 0x00, 0x00, 0x00, 0x00,
    0xBF, 0xF9, 0x00, 0x00, 0x00, 0x00, 0x7F, 0xFD, 0x00, 0x00, 0x00, 0x00, 0x3F, 0xFF, 0x20, 0x00,
    0x00, 0x00, 0x0E, 0xFF, 0x60, 0x00, 0x00, 0x00, 0x0A, 0xFF, 0xA0, 0x00, 0x00, 0x00, 0x07, 0xFF,
    0xE0, 0x00, 0x00, 0x00, 0x03, 0xFF, 0xF3, 0x00, 0x00, 0x00, 0x00, 0xEF, 0xF6, 0x00, 0x00, 0x00,
    0x00, 0xAF, 0xFA, 0x00, 0x00, 0x00, 0x00, 0x6F, 0xFE, 0x00, 0x00, 0x00, 0x00, 0x2F, 0xFF, 0x30,
    0x00, 0x00, 0x00, 0x0D, 0xFF, 0x70, 0x00, 0x00, 0x00, 0x09, 0xFF, 0xB0, 0x00, 0x00, 0x00, 0x05,
    0xFF, 0xE0,
    /* ] */
    0xEF, 0xFF, 0xFF, 0xC0, 0xEF, 0xFF, 0xFF, 0xC0, 0xEF, 0xFF, 0xFF, 0xC0, 0x23, 0x3D, 0xFF, 0xC0,
    0x00, 0x0D, 0xFF, 0xC0, 0x00, 0x0D, 0xFF, 0xC0, 0x00, 0x0D, 0xFF, 0xC0, 0x00, 0x0D, 0xFF, 0xC0,
    0x00, 0x0D, 0xFF, 0xC0, 0x00, 0x0D, 0xFF, 0xC0, 0x00, 0x0D, 0xFF, 0xC0, 0x00, 0x0D, 0xFF, 0xC0,
    0x00, 0x0D, 0xFF, 0xC0, 0x00, 0x0D, 0xFF, 0xC0, 0x00, 0x0D, 0xFF, 0xC0, 0x00, 0x0D, 0xFF, 0xC0,
    0x00, 0x0D, 0xFF, 0xC0, 0x00, 0x0D, 0xFF, 0xC0, 0x00, 0x0D, 0xFF, 0xC0, 0x00, 0x0D, 0xFF, 0xC0,
    0x00, 0x0D, 0xFF, 0xC0, 0x00, 0x0D, 0xFF, 0xC0, 0x00, 0x0D, 0xFF, 0xC0, 0x00, 0x0D, 0xFF, 0xC0,
    0x23, 0x3D, 0xFF, 0xC0, 0xEF, 0xFF, 0xFF, 0xC0, 0xEF, 0xFF, 0xFF, 0xC0, 0xEF, 0xFF, 0xFF, 0xC0,
    /* ^ */
    0x00, 0x00, 0x06, 0x88, 0x60, 0x00, 0x00, 0x00, 0x00, 0x3F, 0xFF, 0xF2, 0x00, 0x00, 0x00, 0x00,
    0xAF, 0xFF, 0xF9, 0x00, 0x00, 0x00, 0x02, 0xFF, 0xDD, 0xFF, 0x10, 0x00, 0x00, 0x09, 0xFF, 0x67,
    0xFF, 0x80, 0x00, 0x00, 0x1F, 0xFE, 0x01, 0xEF, 0xE1, 0x00, 0x00, 0x8F, 0xF8, 0x00, 0x8F, 0xF7,
    0x00, 0x01, 0xEF, 0xF1, 0x00, 0x2F, 0xFE, 0x10, 0x07, 0xFF, 0x90, 0x00, 0x0A, 0xFF, 0x60, 0x1E,
    0xFF, 0x30, 0x00, 0x03, 0xFF, 0xD0,
    /* _ */
    0x33, 0x33, 0x33, 0x33, 0x33, 0x33, 0x33, 0x00, 0xFF, 0xFF, 0xFF, 0xFF, 0xFF, 0xFF, 0xFF, 0x10,
    0xFF, 0xFF, 0xFF, 0xFF, 0xFF, 0xFF, 0xFF, 0x10, 0xFF, 0xFF, 0xFF, 0xFF, 0xFF, 0xFF, 0xFF, 0x10,
    /* ` */
    0x6F, 0xFF, 0x30, 0x0C, 0xFF, 0x90, 0x03, 0xFF, 0xE1, 0x00, 0x9F, 0xF6, 0x00, 0x1E, 0xFD,
    /* a */
    0x00, 0x00, 0x38, 0xCE, 0xFE, 0xB6, 0x10, 0x00, 0x00, 0x09, 0xFF, 0xFF, 0xFF, 0xFF, 0xD3, 0x00,
    0x00, 0x9F, 0xFF, 0xFF, 0xFF, 0xFF, 0xFE, 0x10, 0x04, 0xFF, 0xFF, 0x94, 0x36, 0xDF, 0xFF, 0x80,
    0x05, 0xCE, 0xF5, 0x00, 0x00, 0x2F, 0xFF, 0xC0, 0x00, 0x00, 0x20, 0x00, 0x00, 0x0E, 0xFF, 0xE0,
    0x00, 0x00, 0x00, 0x00, 0x01, 0x6F, 0xFF, 0xE0, 0x00, 0x00, 0x48, 0xAC, 0xEF, 0xFF, 0xFF, 0xE0,
    0x00, 0x5D, 0xFF, 0xFF, 0xFF, 0xFF, 0xFF, 0xE0, 0x05, 0xFF, 0xFF, 0xC9, 0x74, 0x1C, 0xFF, 0xE0,
    0x0D, 0xFF, 0xE3, 0x00, 0x00, 0x0D, 0xFF, 0xE0, 0x1F, 0xFF, 0xA0, 0x00, 0x00, 0x0E, 0xFF, 0xE0,
    0x1F, 0xFF, 0xB0, 0x00, 0x00, 0x8F, 0xFF, 0xE0, 0x0E, 0xFF, 0xFA, 0x43, 0x5B, 0xFF, 0xFF, 0xE0,
    0x08, 0xFF, 0xFF, 0xFF, 0xFF, 0xDB, 0xFF, 0xE0, 0x01, 0xBF, 0xFF, 0xFF, 0xFE, 0x3A, 0xFF, 0xE0,
    0x00, 0x06, 0xBE, 0xFD, 0x92, 0x0A, 0xFF, 0xE0,
    /* b */
    0xFF, 0xFC, 0x00, 0x00, 0x00, 0x00, 0x00, 0x00, 0xFF, 0xFC, 0x00, 0x00, 0x00, 0x00, 0x00, 0x00,
    0xFF, 0xFC, 0x00, 0x00, 0x00, 0x00, 0x00, 0x00, 0xFF, 0xFC, 0x00, 0x00, 0x00, 0x00, 0x00, 0x00,
    0xFF, 0xFC, 0x00, 0x00, 0x00, 0x00, 0x00, 0x00, 0xFF, 0xFC, 0x01, 0x8D, 0xFD, 0xB4, 0x00, 0x00,
    0xFF, 0xFC, 0x2D, 0xFF, 0xFF, 0xFF, 0xA0, 0x00, 0xFF, 0xFD, 0xBF, 0xFF, 0xFF, 0xFF, 0xFA, 0x00,
    0xFF, 0xFF, 0xFC, 0x53, 0x4A, 0xFF, 0xFF, 0x50, 0xFF, 0xFF, 0xD1, 0x00, 0x00, 0x9F, 0xFF, 0xB0,
    0xFF, 0xFF, 0x50, 0x00, 0x00, 0x2F, 0xFF, 0xF1, 0xFF, 0xFF, 0x00, 0x00, 0x00, 0x0B, 0xFF, 0xF4,
    0xFF, 0xFD, 0x00, 0x00, 0x00, 0x09, 0xFF, 0xF5, 0xFF, 0xFC, 0x00, 0x00, 0x00, 0x08, 0xFF, 0xF6,
    0xFF, 0xFC, 0x00, 0x00, 0x00, 0x09, 0xFF, 0xF5, 0xFF, 0xFE, 0x00, 0x00, 0x00, 0x0B, 0xFF, 0xF4,
    0xFF, 0xFF, 0x50, 0x00, 0x00, 0x2F, 0xFF, 0xF1, 0xFF, 0xFF, 0xD1, 0x00, 0x00, 0xAF, 0xFF, 0xB0,
    0xFF, 0xFF, 0xFD, 0x53, 0x4A, 0xFF, 0xFF, 0x50, 0xFF, 0xFC, 0xBF, 0xFF, 0xFF, 0xFF, 0xFA, 0x00,
    0xFF, 0xFB, 0x2D, 0xFF, 0xFF, 0xFF, 0xA0, 0x00, 0xFF, 0xFB, 0x01, 0x9D, 0xFD, 0xB5, 0x00, 0x00,
    /* c */
    0x00, 0x00, 0x5A, 0xDF, 0xED, 0x93, 0x00, 0x00, 0x00, 0x1B, 0xFF, 0xFF, 0xFF, 0xFF, 0x90, 0x00,
    0x01, 0xDF, 0xFF, 0xFF, 0xFF, 0xFF, 0xFA, 0x00, 0x09, 0xFF, 0xFE, 0x73, 0x48, 0xFF, 0xFF, 0x50,
    0x2F, 0xFF, 0xE2, 0x00, 0x00, 0x5F, 0xFF, 0xB0, 0x8F, 0xFF, 0x90, 0x00, 0x00, 0x0B, 0xB8, 0x40,
    0xBF, 0xFF, 0x30, 0x00, 0x00, 0x00, 0x00, 0x00, 0xDF, 0xFF, 0x10, 0x00, 0x00, 0x00, 0x00, 0x00,
    0xEF, 0xFE, 0x00, 0x00, 0x00, 0x00, 0x00, 0x00, 0xDF, 0xFF, 0x00, 0x00, 0x00, 0x00, 0x00, 0x00,
    0xBF, 0xFF, 0x30, 0x00, 0x00, 0x00, 0x00, 0x00, 0x8F, 0xFF, 0x80, 0x00, 0x00, 0x0C, 0xDA, 0x60,
    0x2F, 0xFF, 0xE3, 0x00, 0x00, 0x5F, 0xFF, 0xB0, 0x09, 0xFF, 0xFE, 0x73, 0x48, 0xFF, 0xFF, 0x40,
    0x01, 0xDF, 0xFF, 0xFF, 0xFF, 0xFF, 0xF9, 0x00, 0x00, 0x1B, 0xFF, 0xFF, 0xFF, 0xFF, 0x90, 0x00,
    0x00, 0x00, 0x5A, 0xDF, 0xED, 0x93, 0x00, 0x00,
    /* d */
    0x00, 0x00, 0x00, 0x00, 0x00, 0x00, 0xDF, 0xFF, 0x00, 0x00, 0x00, 0x00, 0x00, 0x00, 0xDF, 0xFF,
    0x00, 0x00, 0x00, 0x00, 0x00, 0x00, 0xDF, 0xFF, 0x00, 0x00, 0x00, 0x00, 0x00, 0x00, 0xDF, 0xFF,
    0x00, 0x00, 0x00, 0x00, 0x00, 0x00, 0xDF, 0xFF, 0x00, 0x00, 0x4B, 0xDF, 0xD8, 0x10, 0xDF, 0xFF,
    0x00, 0x1A, 0xFF, 0xFF, 0xFF, 0xD1, 0xDF, 0xFF, 0x00, 0xAF, 0xFF, 0xFF, 0xFF, 0xFB, 0xDF, 0xFF,
    0x05, 0xFF, 0xFF, 0xA4, 0x36, 0xDF, 0xFF, 0xFF, 0x0C, 0xFF, 0xF9, 0x00, 0x00, 0x1D, 0xFF, 0xFF,
    0x1F, 0xFF, 0xF1, 0x00, 0x00, 0x05, 0xFF, 0xFF, 0x4F, 0xFF, 0xB0, 0x00, 0x00, 0x00, 0xFF, 0xFF,
    0x6F, 0xFF, 0x80, 0x00, 0x00, 0x00, 0xCF, 0xFF, 0x6F, 0xFF, 0x70, 0x00, 0x00, 0x00, 0xCF, 0xFF,
    0x6F, 0xFF, 0x90, 0x00, 0x00, 0x00, 0xDF, 0xFF, 0x4F, 0xFF, 0xB0, 0x00, 0x00, 0x00, 0xFF, 0xFF,
    0x1F, 0xFF, 0xF2, 0x00, 0x00, 0x05, 0xFF, 0xFF, 0x0C, 0xFF, 0xF9, 0x00, 0x00, 0x1D, 0xFF, 0xFF,
    0x05, 0xFF, 0xFF, 0xA4, 0x36, 0xDF, 0xFF, 0xFF, 0x00, 0xAF, 0xFF, 0xFF, 0xFF, 0xFB, 0xCF, 0xFF,
    0x00, 0x1A, 0xFF, 0xFF, 0xFF, 0xD2, 0xCF, 0xFF, 0x00, 0x00, 0x5B, 0xDF, 0xD8, 0x10, 0xCF, 0xFF,
    /* e */
    0x00, 0x00, 0x17, 0xBE, 0xFD, 0xB5, 0x00, 0x00, 0x00, 0x03, 0xDF, 0xFF, 0xFF, 0xFF, 0xD2, 0x00,
    0x00, 0x3E, 0xFF, 0xFF, 0xFF, 0xFF, 0xFE, 0x20, 0x00, 0xDF, 0xFF, 0xB5, 0x34, 0xBF, 0xFF, 0xB0,
    0x06, 0xFF, 0xFA, 0x00, 0x00, 0x0A, 0xFF, 0xF4, 0x0B, 0xFF, 0xE1, 0x00, 0x00, 0x02, 0xFF, 0xF9,
    0x0F, 0xFF, 0xB0, 0x00, 0x00, 0x00, 0xDF, 0xFC, 0x2F, 0xFF, 0xFF, 0xFF, 0xFF, 0xFF, 0xFF, 0xFE,
    0x3F, 0xFF, 0xFF, 0xFF, 0xFF, 0xFF, 0xFF, 0xFF, 0x2F, 0xFF, 0xFF, 0xFF, 0xFF, 0xFF, 0xFF, 0xFF,
    0x0F, 0xFF, 0xB3, 0x33, 0x33, 0x33, 0x33, 0x33, 0x0C, 0xFF, 0xD0, 0x00, 0x00, 0x00, 0x00, 0x00,
    0x06, 0xFF, 0xF7, 0x00, 0x00, 0x02, 0xCA, 0x84, 0x01, 0xDF, 0xFF, 0xB5, 0x34, 0x7E, 0xFF, 0xF6,
    0x00, 0x3E, 0xFF, 0xFF, 0xFF, 0xFF, 0xFF, 0xB0, 0x00, 0x03, 0xDF, 0xFF, 0xFF, 0xFF, 0xFA, 0x10,
    0x00, 0x00, 0x16, 0xBE, 0xFE, 0xD9, 0x40, 0x00,
    /* f */
    0x00, 0x00, 0x01, 0x47, 0x75, 0x30, 0x00, 0x00, 0x6E, 0xFF, 0xFF, 0xE0, 0x00, 0x05, 0xFF, 0xFF,
    0xFF, 0xA0, 0x00, 0x0C, 0xFF, 0xFE, 0xBB, 0x50, 0x00, 0x0E, 0xFF, 0xE1, 0x00, 0x00, 0x00, 0x0E,
    0xFF, 0xD0, 0x00, 0x00, 0xEF, 0xFF, 0xFF, 0xFF, 0xFF, 0x60, 0xEF, 0xFF, 0xFF, 0xFF, 0xFF, 0x60,
    0xEF, 0xFF, 0xFF, 0xFF, 0xFF, 0x60, 0x23, 0x3E, 0xFF, 0xD3, 0x33, 0x10, 0x00, 0x0E, 0xFF, 0xD0,
    0x00, 0x00, 0x00, 0x0E, 0xFF, 0xD0, 0x00, 0x00, 0x00, 0x0E, 0xFF, 0xD0, 0x00, 0x00, 0x00, 0x0E,
    0xFF, 0xD0, 0x00, 0x00, 0x00, 0x0E, 0xFF, 0xD0, 0x00, 0x00, 0x00, 0x0E, 0xFF, 0xD0, 0x00, 0x00,
    0x00, 0x0E, 0xFF, 0xD0, 0x00, 0x00, 0x00, 0x0E, 0xFF, 0xD0, 0x00, 0x00, 0x00, 0x0E, 0xFF, 0xD0,
    0x00, 0x00, 0x00, 0x0E, 0xFF, 0xD0, 0x00, 0x00, 0x00, 0x0E, 0xFF, 0xD0, 0x00, 0x00, 0x00, 0x0E,
    0xFF, 0xD0, 0x00, 0x00, 0x00, 0x0E, 0xFF, 0xD0, 0x00, 0x00,
    /* g */
    0x00, 0x00, 0x5B, 0xEF, 0xD9, 0x10, 0xBF, 0xFF, 0x00, 0x09, 0xFF, 0xFF, 0xFF, 0xD2, 0xBF, 0xFF,
    0x00, 0x9F, 0xFF, 0xFF, 0xFF, 0xFC, 0xBF, 0xFF, 0x04, 0xFF, 0xFF, 0xA4, 0x35, 0xDF, 0xFF, 0xFF,
    0x0B, 0xFF, 0xF9, 0x00, 0x00, 0x1D, 0xFF, 0xFF, 0x1F, 0xFF, 0xF2, 0x00, 0x00, 0x06, 0xFF, 0xFF,
    0x4F, 0xFF, 0xB0, 0x00, 0x00, 0x00, 0xFF, 0xFF, 0x5F, 0xFF, 0x90, 0x00, 0x00, 0x00, 0xDF, 0xFF,
    0x6F, 0xFF, 0x70, 0x00, 0x00, 0x00, 0xCF, 0xFF, 0x6F, 0xFF, 0x80, 0x00, 0x00, 0x00, 0xCF, 0xFF,
    0x4F, 0xFF, 0xA0, 0x00, 0x00, 0x00, 0xEF, 0xFF, 0x2F, 0xFF, 0xE1, 0x00, 0x00, 0x04, 0xFF, 0xFF,
    0x0C, 0xFF, 0xF8, 0x00, 0x00, 0x1C, 0xFF, 0xFF, 0x06, 0xFF, 0xFF, 0xA4, 0x35, 0xCF, 0xFF, 0xFF,
    0x00, 0xBF, 0xFF, 0xFF, 0xFF, 0xFA, 0xCF, 0xFF, 0x00, 0x1B, 0xFF, 0xFF, 0xFF, 0xD2, 0xCF, 0xFF,
    0x00, 0x00, 0x5B, 0xEF, 0xD9, 0x10, 0xCF, 0xFF, 0x00, 0x00, 0x00, 0x00, 0x00, 0x00, 0xDF, 0xFD,
    0x00, 0x26, 0x70, 0x00, 0x00, 0x04, 0xFF, 0xFB, 0x09, 0xFF, 0xFC, 0x64, 0x35, 0x9F, 0xFF, 0xF5,
    0x02, 0xEF, 0xFF, 0xFF, 0xFF, 0xFF, 0xFF, 0xA0, 0x00, 0x2C, 0xFF, 0xFF, 0xFF, 0xFF, 0xF9, 0x00,
    0x00, 0x00, 0x5A, 0xDE, 0xFE, 0xC8, 0x20, 0x00,
    /* h */
    0xFF, 0xFC, 0x00, 0x00, 0x00, 0x00, 0x00, 0x00, 0xFF, 0xFC, 0x00, 0x00, 0x00, 0x00, 0x00, 0x00,
    0xFF, 0xFC, 0x00, 0x00, 0x00, 0x00, 0x00, 0x00, 0xFF, 0xFC, 0x00, 0x00, 0x00, 0x00, 0x00, 0x00,
    0xFF, 0xFC, 0x00, 0x00, 0x00, 0x00, 0x00, 0x00, 0xFF, 0xFC, 0x01, 0x8D, 0xEE, 0xB5, 0x00, 0x00,
    0xFF, 0xFC, 0x2D, 0xFF, 0xFF, 0xFF, 0x90, 0x00, 0xFF, 0xFC, 0xCF, 0xFF, 0xFF, 0xFF, 0xF6, 0x00,
    0xFF, 0xFF, 0xFA, 0x43, 0x6E, 0xFF, 0xFD, 0x00, 0xFF, 0xFF, 0xA0, 0x00, 0x02, 0xFF, 0xFF, 0x20,
    0xFF, 0xFF, 0x10, 0x00, 0x00, 0xAF, 0xFF, 0x40, 0xFF, 0xFE, 0x00, 0x00, 0x00, 0x8F, 0xFF, 0x50,
    0xFF, 0xFC, 0x00, 0x00, 0x00, 0x7F, 0xFF, 0x50, 0xFF, 0xFC, 0x00, 0x00, 0x00, 0x7F, 0xFF, 0x50,
    0xFF, 0xFC, 0x00, 0x00, 0x00, 0x7F, 0xFF, 0x50, 0xFF, 0xFC, 0x00, 0x00, 0x00, 0x7F, 0xFF, 0x50,
    0xFF, 0xFC, 0x00, 0x00, 0x00, 0x7F, 0xFF, 0x50, 0xFF, 0xFC, 0x00, 0x00, 0x00, 0x7F, 0xFF, 0x50,
    0xFF, 0xFC, 0x00, 0x00, 0x00, 0x7F, 0xFF, 0x50, 0xFF, 0xFC, 0x00, 0x00, 0x00, 0x7F, 0xFF, 0x50,
    0xFF, 0xFC, 0x00, 0x00, 0x00, 0x7F, 0xFF, 0x50, 0xFF, 0xFC, 0x00, 0x00, 0x00, 0x7F, 0xFF, 0x50,
    /* i */
    0x07, 0xED, 0x50, 0x2F, 0xFF, 0xF1, 0x2F, 0xFF, 0xF1, 0x07, 0xED, 0x50, 0x00, 0x00, 0x00, 0x00,
    0x00, 0x00, 0x0F, 0xFF, 0xC0, 0x0F, 0xFF, 0xC0, 0x0F, 0xFF, 0xC0, 0x0F, 0xFF, 0xC0, 0x0F, 0xFF,
    0xC0, 0x0F, 0xFF, 0xC0, 0x0F, 0xFF, 0xC0, 0x0F, 0xFF, 0xC0, 0x0F, 0xFF, 0xC0, 0x0F, 0xFF, 0xC0,
    0x0F, 0xFF, 0xC0, 0x0F, 0xFF, 0xC0, 0x0F, 0xFF, 0xC0, 0x0F, 0xFF, 0xC0, 0x0F, 0xFF, 0xC0, 0x0F,
    0xFF, 0xC0, 0x0F, 0xFF, 0xC0,
    /* j */
    0x00, 0x07, 0xED, 0x50, 0x00, 0x3F, 0xFF, 0xF1, 0x00, 0x3F, 0xFF, 0xF1, 0x00, 0x07, 0xED, 0x50,
    0x00, 0x00, 0x00, 0x00, 0x00, 0x00, 0x00, 0x00, 0x00, 0x0F, 0xFF, 0xC0, 0x00, 0x0F, 0xFF, 0xC0,
    0x00, 0x0F, 0xFF, 0xC0, 0x00, 0x0F, 0xFF, 0xC0, 0x00, 0x0F, 0xFF, 0xC0, 0x00, 0x0F, 0xFF, 0xC0,
    0x00, 0x0F, 0xFF, 0xC0, 0x00, 0x0F, 0xFF, 0xC0, 0x00, 0x0F, 0xFF, 0xC0, 0x00, 0x0F, 0xFF, 0xC0,
    0x00, 0x0F, 0xFF, 0xC0, 0x00, 0x0F, 0xFF, 0xC0, 0x00, 0x0F, 0xFF, 0xC0, 0x00, 0x0F, 0xFF, 0xC0,
    0x00, 0x0F, 0xFF, 0xC0, 0x00, 0x0F, 0xFF, 0xC0, 0x00, 0x0F, 0xFF, 0xC0, 0x00, 0x0F, 0xFF, 0xC0,
    0x00, 0x2F, 0xFF, 0xC0, 0x24, 0xBF, 0xFF, 0x90, 0x9F, 0xFF, 0xFF, 0x40, 0x9F, 0xFF, 0xF8, 0x00,
    0x9F, 0xDA, 0x40, 0x00,
    /* k */
    0xFF, 0xFC, 0x00, 0x00, 0x00, 0x00, 0x00, 0x00, 0xFF, 0xFC, 0x00, 0x00, 0x00, 0x00, 0x00, 0x00,
    0xFF, 0xFC, 0x00, 0x00, 0x00, 0x00, 0x00, 0x00, 0xFF, 0xFC, 0x00, 0x00, 0x00, 0x00, 0x00, 0x00,
    0xFF, 0xFC, 0x00, 0x00, 0x00, 0x00, 0x00, 0x00, 0xFF, 0xFC, 0x00, 0x00, 0x06, 0xFF, 0xFE, 0x20,
    0xFF, 0xFC, 0x00, 0x00, 0x4F, 0xFF, 0xF4, 0x00, 0xFF, 0xFC, 0x00, 0x02, 0xEF, 0xFF, 0x50, 0x00,
    0xFF, 0xFC, 0x00, 0x1D, 0xFF, 0xF8, 0x00, 0x00, 0xFF, 0xFC, 0x00, 0xBF, 0xFF, 0xA0, 0x00, 0x00,
    0xFF, 0xFC, 0x09, 0xFF, 0xFC, 0x00, 0x00, 0x00, 0xFF, 0xFC, 0x7F, 0xFF, 0xD1, 0x00, 0x00, 0x00,
    0xFF, 0xFF, 0xFF, 0xFF, 0x50, 0x00, 0x00, 0x00, 0xFF, 0xFF, 0xFF, 0xFF, 0xC0, 0x00, 0x00, 0x00,
    0xFF, 0xFF, 0xFF, 0xFF, 0xF9, 0x00, 0x00, 0x00, 0xFF, 0xFF, 0x94, 0xFF, 0xFF, 0x40, 0x00, 0x00,
    0xFF, 0xFD, 0x00, 0x9F, 0xFF, 0xE1, 0x00, 0x00, 0xFF, 0xFC, 0x00, 0x1D, 0xFF, 0xFA, 0x00, 0x00,
    0xFF, 0xFC, 0x00, 0x03, 0xFF, 0xFF, 0x60, 0x00, 0xFF, 0xFC, 0x00, 0x00, 0x7F, 0xFF, 0xE2, 0x00,
    0xFF, 0xFC, 0x00, 0x00, 0x0B, 0xFF, 0xFC, 0x00, 0xFF, 0xFC, 0x00, 0x00, 0x02, 0xEF, 0xFF, 0x80,
    /* l */
    0xFF, 0xFC, 0xFF, 0xFC, 0xFF, 0xFC, 0xFF, 0xFC, 0xFF, 0xFC, 0xFF, 0xFC, 0xFF, 0xFC, 0xFF, 0xFC,
    0xFF, 0xFC, 0xFF, 0xFC, 0xFF, 0xFC, 0xFF, 0xFC, 0xFF, 0xFC, 0xFF, 0xFC, 0xFF, 0xFC, 0xFF, 0xFC,
    0xFF, 0xFC, 0xFF, 0xFC, 0xFF, 0xFC, 0xFF, 0xFC, 0xFF, 0xFC, 0xFF, 0xFC,
    /* m */
    0xFF, 0xF9, 0x02, 0x9D, 0xEC, 0x60, 0x00, 0x17, 0xCE, 0xEB, 0x40, 0x00, 0xFF, 0xFA, 0x2E, 0xFF,
    0xFF, 0xF7, 0x02, 0xDF, 0xFF, 0xFF, 0xF7, 0x00, 0xFF, 0xFA, 0xCF, 0xFF, 0xFF, 0xFF, 0x2D, 0xFF,
    0xFF, 0xFF, 0xFF, 0x30, 0xFF, 0xFE, 0xF8, 0x44, 0xBF, 0xFF, 0xCF, 0xC5, 0x37, 0xEF, 0xFF, 0xA0,
    0xFF, 0xFF, 0x70, 0x00, 0x0C, 0xFF, 0xFD, 0x00, 0x00, 0x4F, 0xFF, 0xD0, 0xFF, 0xFF, 0x00, 0x00,
    0x07, 0xFF, 0xF7, 0x00, 0x00, 0x0E, 0xFF, 0xE0, 0xFF, 0xFD, 0x00, 0x00, 0x05, 0xFF, 0xF6, 0x00,
    0x00, 0x0C, 0xFF, 0xF0, 0xFF, 0xFC, 0x00, 0x00, 0x05, 0xFF, 0xF5, 0x00, 0x00, 0x0C, 0xFF, 0xF0,
    0xFF, 0xFC, 0x00, 0x00, 0x05, 0xFF, 0xF5, 0x00, 0x00, 0x0C, 0xFF, 0xF0, 0xFF, 0xFC, 0x00, 0x00,
    0x05, 0xFF, 0xF5, 0x00, 0x00, 0x0C, 0xFF, 0xF0, 0xFF, 0xFC, 0x00, 0x00, 0x05, 0xFF, 0xF5, 0x00,
    0x00, 0x0C, 0xFF, 0xF0, 0xFF, 0xFC, 0x00, 0x00, 0x05, 0xFF, 0xF5, 0x00, 0x00, 0x0C, 0xFF, 0xF0,
    0xFF, 0xFC, 0x00, 0x00, 0x05, 0xFF, 0xF5, 0x00, 0x00, 0x0C, 0xFF, 0xF0, 0xFF, 0xFC, 0x00, 0x00,
    0x05, 0xFF, 0xF5, 0x00, 0x00, 0x0C, 0xFF, 0xF0, 0xFF, 0xFC, 0x00, 0x00, 0x05, 0xFF, 0xF5, 0x00,
    0x00, 0x0C, 0xFF, 0xF0, 0xFF, 0xFC, 0x00, 0x00, 0x05, 0xFF, 0xF5, 0x00, 0x00, 0x0C, 0xFF, 0xF0,
    0xFF, 0xFC, 0x00, 0x00, 0x05, 0xFF, 0xF5, 0x00, 0x00, 0x0C, 0xFF, 0xF0,
    /* n */
    0xFF, 0xF9, 0x01, 0x8D, 0xEE, 0xB5, 0x00, 0x00, 0xFF, 0xFA, 0x2D, 0xFF, 0xFF, 0xFF, 0x90, 0x00,
    0xFF, 0xFA, 0xBF, 0xFF, 0xFF, 0xFF, 0xF6, 0x00, 0xFF, 0xFE, 0xFA, 0x43, 0x6E, 0xFF, 0xFD, 0x00,
    0xFF, 0xFF, 0xA0, 0x00, 0x02, 0xFF, 0xFF, 0x20, 0xFF, 0xFF, 0x10, 0x00, 0x00, 0xAF, 0xFF, 0x40,
    0xFF, 0xFE, 0x00, 0x00, 0x00, 0x8F, 0xFF, 0x50, 0xFF, 0xFC, 0x00, 0x00, 0x00, 0x7F, 0xFF, 0x50,
    0xFF, 0xFC, 0x00, 0x00, 0x00, 0x7F, 0xFF, 0x50, 0xFF, 0xFC, 0x00, 0x00, 0x00, 0x7F, 0xFF, 0x50,
    0xFF, 0xFC, 0x00, 0x00, 0x00, 0x7F, 0xFF, 0x50, 0xFF, 0xFC, 0x00, 0x00, 0x00, 0x7F, 0xFF, 0x50,
    0xFF, 0xFC, 0x00, 0x00, 0x00, 0x7F, 0xFF, 0x50, 0xFF, 0xFC, 0x00, 0x00, 0x00, 0x7F, 0xFF, 0x50,
    0xFF, 0xFC, 0x00, 0x00, 0x00, 0x7F, 0xFF, 0x50, 0xFF, 0xFC, 0x00, 0x00, 0x00, 0x7F, 0xFF, 0x50,
    0xFF, 0xFC, 0x00, 0x00, 0x00, 0x7F, 0xFF, 0x50,
    /* o */
    0x00, 0x00, 0x39, 0xDE, 0xFD, 0xA5, 0x00, 0x00, 0x00, 0x08, 0xFF, 0xFF, 0xFF, 0xFF, 0xB1, 0x00,
    0x00, 0xAF, 0xFF, 0xFF, 0xFF, 0xFF, 0xFD, 0x10, 0x06, 0xFF, 0xFF, 0x94, 0x37, 0xEF, 0xFF, 0x90,
    0x0D, 0xFF, 0xF6, 0x00, 0x00, 0x3E, 0xFF, 0xF2, 0x4F, 0xFF, 0xC0, 0x00, 0x00, 0x08, 0xFF, 0xF8,
    0x8F, 0xFF, 0x70, 0x00, 0x00, 0x03, 0xFF, 0xFB, 0x9F, 0xFF, 0x40, 0x00, 0x00, 0x00, 0xFF, 0xFD,
    0xAF, 0xFF, 0x30, 0x00, 0x00, 0x00, 0xEF, 0xFE, 0x9F, 0xFF, 0x40, 0x00, 0x00, 0x00, 0xFF, 0xFD,
    0x8F, 0xFF, 0x70, 0x00, 0x00, 0x02, 0xFF, 0xFB, 0x4F, 0xFF, 0xB0, 0x00, 0x00, 0x08, 0xFF, 0xF8,
    0x0D, 0xFF, 0xF6, 0x00, 0x00, 0x2E, 0xFF, 0xF2, 0x06, 0xFF, 0xFF, 0x94, 0x37, 0xEF, 0xFF, 0x90,
    0x00, 0xAF, 0xFF, 0xFF, 0xFF, 0xFF, 0xFD, 0x10, 0x00, 0x08, 0xFF, 0xFF, 0xFF, 0xFF, 0xB1, 0x00,
    0x00, 0x00, 0x39, 0xDF, 0xFD, 0xA5, 0x00, 0x00,
    /* p */
    0xFF, 0xFB, 0x01, 0x8D, 0xFD, 0xB4, 0x00, 0x00, 0xFF, 0xFB, 0x2D, 0xFF, 0xFF, 0xFF, 0xA0, 0x00,
    0xFF, 0xFC, 0xBF, 0xFF, 0xFF, 0xFF, 0xFA, 0x00, 0xFF, 0xFF, 0xFC, 0x53, 0x4A, 0xFF, 0xFF, 0x50,
    0xFF, 0xFF, 0xD1, 0x00, 0x00, 0x9F, 0xFF, 0xB0, 0xFF, 0xFF, 0x50, 0x00, 0x00, 0x2F, 0xFF, 0xF1,
    0xFF, 0xFF, 0x00, 0x00, 0x00, 0x0B, 0xFF, 0xF4, 0xFF, 0xFD, 0x00, 0x00, 0x00, 0x09, 0xFF, 0xF5,
    0xFF, 0xFC, 0x00, 0x00, 0x00, 0x08, 0xFF, 0xF6, 0xFF, 0xFC, 0x00, 0x00, 0x00, 0x09, 0xFF, 0xF5,
    0xFF, 0xFE, 0x00, 0x00, 0x00, 0x0B, 0xFF, 0xF4, 0xFF, 0xFF, 0x50, 0x00, 0x00, 0x2F, 0xFF, 0xF1,
    0xFF, 0xFF, 0xD1, 0x00, 0x00, 0xAF, 0xFF, 0xB0, 0xFF, 0xFF, 0xFD, 0x53, 0x4A, 0xFF, 0xFF, 0x50,
    0xFF, 0xFD, 0xBF, 0xFF, 0xFF, 0xFF, 0xFA, 0x00, 0xFF, 0xFC, 0x2D, 0xFF, 0xFF, 0xFF, 0xA0, 0x00,
    0xFF, 0xFC, 0x01, 0x9D, 0xFD, 0xB5, 0x00, 0x00, 0xFF, 0xFC, 0x00, 0x00, 0x00, 0x00, 0x00, 0x00,
    0xFF, 0xFC, 0x00, 0x00, 0x00, 0x00, 0x00, 0x00, 0xFF, 0xFC, 0x00, 0x00, 0x00, 0x00, 0x00, 0x00,
    0xFF, 0xFC, 0x00, 0x00, 0x00, 0x00, 0x00, 0x00, 0xFF, 0xFC, 0x00, 0x00, 0x00, 0x00, 0x00, 0x00,
    0xFF, 0xFC, 0x00, 0x00, 0x00, 0x00, 0x00, 0x00,
    /* q */
    0x00, 0x00, 0x4B, 0xDF, 0xD8, 0x10, 0xCF, 0xFF, 0x00, 0x1A, 0xFF, 0xFF, 0xFF, 0xD1, 0xCF, 0xFF,
    0x00, 0xAF, 0xFF, 0xFF, 0xFF, 0xFB, 0xCF, 0xFF, 0x05, 0xFF, 0xFF, 0xA4, 0x36, 0xDF, 0xFF, 0xFF,
    0x0C, 0xFF, 0xF9, 0x00, 0x00, 0x1D, 0xFF, 0xFF, 0x1F, 0xFF, 0xF1, 0x00, 0x00, 0x05, 0xFF, 0xFF,
    0x4F, 0xFF, 0xB0, 0x00, 0x00, 0x00, 0xFF, 0xFF, 0x6F, 0xFF, 0x80, 0x00, 0x00, 0x00, 0xCF, 0xFF,
    0x6F, 0xFF, 0x70, 0x00, 0x00, 0x00, 0xCF, 0xFF, 0x6F, 0xFF, 0x90, 0x00, 0x00, 0x00, 0xDF, 0xFF,
    0x4F, 0xFF, 0xB0, 0x00, 0x00, 0x00, 0xFF, 0xFF, 0x1F, 0xFF, 0xF2, 0x00, 0x00, 0x05, 0xFF, 0xFF,
    0x0C, 0xFF, 0xF9, 0x00, 0x00, 0x1D, 0xFF, 0xFF, 0x05, 0xFF, 0xFF, 0xA4, 0x36, 0xDF, 0xFF, 0xFF,
    0x00, 0xAF, 0xFF, 0xFF, 0xFF, 0xFB, 0xDF, 0xFF, 0x00, 0x1A, 0xFF, 0xFF, 0xFF, 0xD2, 0xDF, 0xFF,
    0x00, 0x00, 0x5B, 0xDF, 0xD8, 0x10, 0xDF, 0xFF, 0x00, 0x00, 0x00, 0x00, 0x00, 0x00, 0xDF, 0xFF,
    0x00, 0x00, 0x00, 0x00, 0x00, 0x00, 0xDF, 0xFF, 0x00, 0x00, 0x00, 0x00, 0x00, 0x00, 0xDF, 0xFF,
    0x00, 0x00, 0x00, 0x00, 0x00, 0x00, 0xDF, 0xFF, 0x00, 0x00, 0x00, 0x00, 0x00, 0x00, 0xDF, 0xFF,
    0x00, 0x00, 0x00, 0x00, 0x00, 0x00, 0xDF, 0xFF,
    /* r */
    0x00, 0x00, 0x00, 0x00, 0x11, 0xFF, 0xFB, 0x04, 0xBE, 0xF5, 0xFF, 0xFB, 0x6F, 0xFF, 0xF5, 0xFF,
    0xFC, 0xEF, 0xFF, 0xF5, 0xFF, 0xFF, 0xFB, 0x53, 0x42, 0xFF, 0xFF, 0xA0, 0x00, 0x00, 0xFF, 0xFF,
    0x10, 0x00, 0x00, 0xFF, 0xFD, 0x00, 0x00, 0x00, 0xFF, 0xFC, 0x00, 0x00, 0x00, 0xFF, 0xFC, 0x00,
    0x00, 0x00, 0xFF, 0xFC, 0x00, 0x00, 0x00, 0xFF, 0xFC, 0x00, 0x00, 0x00, 0xFF, 0xFC, 0x00, 0x00,
    0x00, 0xFF, 0xFC, 0x00, 0x00, 0x00, 0xFF, 0xFC, 0x00, 0x00, 0x00, 0xFF, 0xFC, 0x00, 0x00, 0x00,
    0xFF, 0xFC, 0x00, 0x00, 0x00, 0xFF, 0xFC, 0x00, 0x00, 0x00,
    /* s */
    0x00, 0x01, 0x7C, 0xEF, 0xEC, 0x82, 0x00, 0x00, 0x00, 0x5E, 0xFF, 0xFF, 0xFF, 0xFE, 0x40, 0x00,
    0x04, 0xFF, 0xFF, 0xFF, 0xFF, 0xFF, 0xF3, 0x00, 0x0B, 0xFF, 0xFC, 0x53, 0x4B, 0xFF, 0xFB, 0x00,
    0x0E, 0xFF, 0xE1, 0x00, 0x00, 0xAF, 0xDA, 0x00, 0x0E, 0xFF, 0xE0, 0x00, 0x00, 0x11, 0x00, 0x00,
    0x0B, 0xFF, 0xFB, 0x40, 0x00, 0x00, 0x00, 0x00, 0x03, 0xEF, 0xFF, 0xFF, 0xC9, 0x51, 0x00, 0x00,
    0x00, 0x2B, 0xFF, 0xFF, 0xFF, 0xFE, 0x80, 0x00, 0x00, 0x00, 0x26, 0xAD, 0xFF, 0xFF, 0xFB, 0x00,
    0x00, 0x00, 0x00, 0x00, 0x16, 0xEF, 0xFF, 0x40, 0x00, 0x25, 0x10, 0x00, 0x00, 0x8F, 0xFF, 0x70,
    0x4F, 0xFF, 0x90, 0x00, 0x00, 0x9F, 0xFF, 0x60, 0x1E, 0xFF, 0xFA, 0x43, 0x49, 0xFF, 0xFF, 0x20,
    0x07, 0xFF, 0xFF, 0xFF, 0xFF, 0xFF, 0xF9, 0x00, 0x00, 0x7F, 0xFF, 0xFF, 0xFF, 0xFF, 0x80, 0x00,
    0x00, 0x02, 0x8C, 0xEF, 0xEC, 0x82, 0x00, 0x00,
    /* t */
    0x00, 0x0D, 0xFF, 0xE0, 0x00, 0x00, 0x00, 0x0D, 0xFF, 0xE0, 0x00, 0x00, 0x00, 0x0D, 0xFF, 0xE0,
    0x00, 0x00, 0x00, 0x0D, 0xFF, 0xE0, 0x00, 0x00, 0x3F, 0xFF, 0xFF, 0xFF, 0xFF, 0x10, 0x3F, 0xFF,
    0xFF, 0xFF, 0xFF, 0x10, 0x3F, 0xFF, 0xFF, 0xFF, 0xFF, 0x10, 0x03, 0x3D, 0xFF, 0xE3, 0x33, 0x00,
    0x00, 0x0D, 0xFF, 0xE0, 0x00, 0x00, 0x00, 0x0D, 0xFF, 0xE0, 0x00, 0x00, 0x00, 0x0D, 0xFF, 0xE0,
    0x00, 0x00, 0x00, 0x0D, 0xFF, 0xE0, 0x00, 0x00, 0x00, 0x0D, 0xFF, 0xE0, 0x00, 0x00, 0x00, 0x0D,
    0xFF, 0xE0, 0x00, 0x00, 0x00, 0x0D, 0xFF, 0xE0, 0x00, 0x00, 0x00, 0x0D, 0xFF, 0xE0, 0x00, 0x00,
    0x00, 0x0D, 0xFF, 0xF0, 0x00, 0x00, 0x00, 0x0C, 0xFF, 0xF8, 0x34, 0x00, 0x00, 0x07, 0xFF, 0xFF,
    0xFF, 0x20, 0x00, 0x01, 0xCF, 0xFF, 0xFF, 0x50, 0x00, 0x00, 0x18, 0xDF, 0xFD, 0x50,
    /* u */
    0x7F, 0xFF, 0x50, 0x00, 0x00, 0x0F, 0xFF, 0xD0, 0x7F, 0xFF, 0x50, 0x00, 0x00, 0x0F, 0xFF, 0xD0,
    0x7F, 0xFF, 0x50, 0x00, 0x00, 0x0F, 0xFF, 0xD0, 0x7F, 0xFF, 0x50, 0x00, 0x00, 0x0F, 0xFF, 0xD0,
    0x7F, 0xFF, 0x50, 0x00, 0x00, 0x0F, 0xFF, 0xD0, 0x7F, 0xFF, 0x50, 0x00, 0x00, 0x0F, 0xFF, 0xD0,
    0x7F, 0xFF, 0x50, 0x00, 0x00, 0x0F, 0xFF, 0xD0, 0x7F, 0xFF, 0x50, 0x00, 0x00, 0x0F, 0xFF, 0xD0,
    0x7F, 0xFF, 0x50, 0x00, 0x00, 0x0F, 0xFF, 0xD0, 0x7F, 0xFF, 0x50, 0x00, 0x00, 0x0F, 0xFF, 0xD0,
    0x7F, 0xFF, 0x60, 0x00, 0x00, 0x1F, 0xFF, 0xD0, 0x6F, 0xFF, 0x80, 0x00, 0x00, 0x4F, 0xFF, 0xD0,
    0x4F, 0xFF, 0xE1, 0x00, 0x00, 0xBF, 0xFF, 0xD0, 0x1E, 0xFF, 0xFD, 0x63, 0x5B, 0xFE, 0xFF, 0xD0,
    0x08, 0xFF, 0xFF, 0xFF, 0xFF, 0xAC, 0xFF, 0xD0, 0x00, 0xBF, 0xFF, 0xFF, 0xFC, 0x1C, 0xFF, 0xD0,
    0x00, 0x06, 0xCE, 0xEC, 0x71, 0x0C, 0xFF, 0xD0,
    /* v */
    0x1E, 0xFF, 0xF1, 0x00, 0x00, 0x00, 0x0D, 0xFF, 0xF2, 0x0A, 0xFF, 0xF6, 0x00, 0x00, 0x00, 0x3F,
    0xFF, 0xB0, 0x04, 0xFF, 0xFA, 0x00, 0x00, 0x00, 0x8F, 0xFF, 0x60, 0x00, 0xEF, 0xFF, 0x10, 0x00,
    0x00, 0xDF, 0xFF, 0x10, 0x00, 0x8F, 0xFF, 0x50, 0x00, 0x03, 0xFF, 0xFA, 0x00, 0x00, 0x3F, 0xFF,
    0xA0, 0x00, 0x08, 0xFF, 0xF5, 0x00, 0x00, 0x0D, 0xFF, 0xE0, 0x00, 0x0C, 0xFF, 0xE0, 0x00, 0x00,
    0x07, 0xFF, 0xF5, 0x00, 0x2F, 0xFF, 0x90, 0x00, 0x00, 0x02, 0xFF, 0xF9, 0x00, 0x7F, 0xFF, 0x30,
    0x00, 0x00, 0x00, 0xCF, 0xFE, 0x00, 0xCF, 0xFD, 0x00, 0x00, 0x00, 0x00, 0x6F, 0xFF, 0x31, 0xFF,
    0xF8, 0x00, 0x00, 0x00, 0x00, 0x1F, 0xFF, 0x85, 0xFF, 0xF2, 0x00, 0x00, 0x00, 0x00, 0x0A, 0xFF,
    0xB9, 0xFF, 0xC0, 0x00, 0x00, 0x00, 0x00, 0x05, 0xFF, 0xFD, 0xFF, 0x60, 0x00, 0x00, 0x00, 0x00,
    0x00, 0xEF, 0xFF, 0xFF, 0x10, 0x00, 0x00, 0x00, 0x00, 0x00, 0x9F, 0xFF, 0xFB, 0x00, 0x00, 0x00,
    0x00, 0x00, 0x00, 0x4F, 0xFF, 0xF5, 0x00, 0x00, 0x00,
    /* w */
    0x3F, 0xFF, 0xC0, 0x00, 0x00, 0x5F, 0xFF, 0x80, 0x00, 0x00, 0x9F, 0xFF, 0x60, 0x0E, 0xFF, 0xF1,
    0x00, 0x00, 0x9F, 0xFF, 0xC0, 0x00, 0x00, 0xDF, 0xFF, 0x20, 0x0A, 0xFF, 0xF4, 0x00, 0x00, 0xCF,
    0xFF, 0xF1, 0x00, 0x02, 0xFF, 0xFC, 0x00, 0x05, 0xFF, 0xF7, 0x00, 0x01, 0xFF, 0xFF, 0xF4, 0x00,
    0x05, 0xFF, 0xF8, 0x00, 0x01, 0xFF, 0xFB, 0x00, 0x05, 0xFF, 0xFF, 0xF8, 0x00, 0x09, 0xFF, 0xF4,
    0x00, 0x00, 0xCF, 0xFE, 0x00, 0x09, 0xFF, 0xAF, 0xFB, 0x00, 0x0D, 0xFF, 0xE0, 0x00, 0x00, 0x7F,
    0xFF, 0x30, 0x0C, 0xFF, 0x3F, 0xFF, 0x00, 0x1F, 0xFF, 0xA0, 0x00, 0x00, 0x3F, 0xFF, 0x70, 0x1F,
    0xFE, 0x0C, 0xFF, 0x30, 0x5F, 0xFF, 0x60, 0x00, 0x00, 0x0E, 0xFF, 0xA0, 0x4F, 0xFB, 0x08, 0xFF,
    0x70, 0x8F, 0xFF, 0x10, 0x00, 0x00, 0x0A, 0xFF, 0xE0, 0x8F, 0xF7, 0x04, 0xFF, 0xA0, 0xBF, 0xFC,
    0x00, 0x00, 0x00, 0x05, 0xFF, 0xF2, 0xBF, 0xF3, 0x01, 0xFF, 0xE0, 0xEF, 0xF8, 0x00, 0x00, 0x00,
    0x01, 0xFF, 0xF5, 0xEF, 0xE0, 0x00, 0xBF, 0xF4, 0xFF, 0xF3, 0x00, 0x00, 0x00, 0x00, 0xCF, 0xFA,
    0xFF, 0xA0, 0x00, 0x7F, 0xFA, 0xFF, 0xE0, 0x00, 0x00, 0x00, 0x00, 0x7F, 0xFF, 0xFF, 0x50, 0x00,
    0x3F, 0xFF, 0xFF, 0xA0, 0x00, 0x00, 0x00, 0x00, 0x3F, 0xFF, 0xFF, 0x10, 0x00, 0x0E, 0xFF, 0xFF,
    0x50, 0x00, 0x00, 0x00, 0x00, 0x0E, 0xFF, 0xFC, 0x00, 0x00, 0x09, 0xFF, 0xFF, 0x10, 0x00, 0x00,
    0x00, 0x00, 0x09, 0xFF, 0xF8, 0x00, 0x00, 0x05, 0xFF, 0xFC, 0x00, 0x00, 0x00,
    /* x */
    0x0A, 0xFF, 0xF8, 0x00, 0x00, 0x05, 0xFF, 0xFC, 0x00, 0x01, 0xEF, 0xFF, 0x20, 0x00, 0x0D, 0xFF,
    0xF3, 0x00, 0x00, 0x6F, 0xFF, 0xA0, 0x00, 0x7F, 0xFF, 0x80, 0x00, 0x00, 0x0C, 0xFF, 0xF3, 0x01,
    0xEF, 0xFD, 0x10, 0x00, 0x00, 0x03, 0xFF, 0xFB, 0x08, 0xFF, 0xF5, 0x00, 0x00, 0x00, 0x00, 0x9F,
    0xFF, 0x4E, 0xFF, 0xB0, 0x00, 0x00, 0x00, 0x00, 0x1E, 0xFF, 0xEF, 0xFF, 0x20, 0x00, 0x00, 0x00,
    0x00, 0x06, 0xFF, 0xFF, 0xF7, 0x00, 0x00, 0x00, 0x00, 0x00, 0x01, 0xEF, 0xFF, 0xF1, 0x00, 0x00,
    0x00, 0x00, 0x00, 0x08, 0xFF, 0xFF, 0xF8, 0x00, 0x00, 0x00, 0x00, 0x00, 0x3F, 0xFF, 0xDF, 0xFF,
    0x30, 0x00, 0x00, 0x00, 0x00, 0xCF, 0xFE, 0x2E, 0xFF, 0xC0, 0x00, 0x00, 0x00, 0x07, 0xFF, 0xF7,
    0x07, 0xFF, 0xF7, 0x00, 0x00, 0x00, 0x2E, 0xFF, 0xE1, 0x00, 0xDF, 0xFE, 0x20, 0x00, 0x00, 0xAF,
    0xFF, 0x50, 0x00, 0x5F, 0xFF, 0xB0, 0x00, 0x05, 0xFF, 0xFB, 0x00, 0x00, 0x0B, 0xFF, 0xF6, 0x00,
    0x1D, 0xFF, 0xF2, 0x00, 0x00, 0x02, 0xFF, 0xFE, 0x10,
    /* y */
    0x7F, 0xFF, 0x80, 0x00, 0x00, 0x00, 0x6F, 0xFF, 0xA0, 0x2F, 0xFF, 0xD0, 0x00, 0x00, 0x00, 0xBF,
    0xFF, 0x40, 0x0B, 0xFF, 0xF3, 0x00, 0x00, 0x01, 0xFF, 0xFD, 0x00, 0x06, 0xFF, 0xF8, 0x00, 0x00,
    0x06, 0xFF, 0xF8, 0x00, 0x01, 0xEF, 0xFD, 0x00, 0x00, 0x0B, 0xFF, 0xF2, 0x00, 0x00, 0xAF, 0xFF,
    0x30, 0x00, 0x1F, 0xFF, 0xC0, 0x00, 0x00, 0x4F, 0xFF, 0x80, 0x00, 0x6F, 0xFF, 0x60, 0x00, 0x00,
    0x0E, 0xFF, 0xD0, 0x00, 0xBF, 0xFE, 0x10, 0x00, 0x00, 0x08, 0xFF, 0xF3, 0x01, 0xFF, 0xFA, 0x00,
    0x00, 0x00, 0x03, 0xFF, 0xF7, 0x06, 0xFF, 0xF4, 0x00, 0x00, 0x00, 0x00, 0xCF, 0xFC, 0x0A, 0xFF,
    0xD0, 0x00, 0x00, 0x00, 0x00, 0x7F, 0xFF, 0x1E, 0xFF, 0x80, 0x00, 0x00, 0x00, 0x00, 0x1F, 0xFF,
    0x8F, 0xFF, 0x20, 0x00, 0x00, 0x00, 0x00, 0x0B, 0xFF, 0xEF, 0xFC, 0x00, 0x00, 0x00, 0x00, 0x00,
    0x05, 0xFF, 0xFF, 0xF6, 0x00, 0x00, 0x00, 0x00, 0x00, 0x00, 0xEF, 0xFF, 0xF1, 0x00, 0x00, 0x00,
    0x00, 0x00, 0x00, 0x9F, 0xFF, 0xA0, 0x00, 0x00, 0x00, 0x00, 0x00, 0x00, 0xAF, 0xFF, 0x40, 0x00,
    0x00, 0x00, 0x00, 0x00, 0x01, 0xEF, 0xFD, 0x00, 0x00, 0x00, 0x00, 0x00, 0x33, 0x3A, 0xFF, 0xF7,
    0x00, 0x00, 0x00, 0x00, 0x00, 0xCF, 0xFF, 0xFF, 0xD1, 0x00, 0x00, 0x00, 0x00, 0x01, 0xFF, 0xFF,
    0xFE, 0x20, 0x00, 0x00, 0x00, 0x00, 0x03, 0xDE, 0xFD, 0x92, 0x00, 0x00, 0x00, 0x00, 0x00,
    /* z */
    0x0E, 0xFF, 0xFF, 0xFF, 0xFF, 0xFF, 0xFE, 0x00, 0x0E, 0xFF, 0xFF, 0xFF, 0xFF, 0xFF, 0xFE, 0x00,
    0x0E, 0xFF, 0xFF, 0xFF, 0xFF, 0xFF, 0xFD, 0x00, 0x02, 0x33, 0x33, 0x33, 0x4E, 0xFF, 0xF4, 0x00,
    0x00, 0x00, 0x00, 0x00, 0xBF, 0xFF, 0x80, 0x00, 0x00, 0x00, 0x00, 0x07, 0xFF, 0xFC, 0x00, 0x00,
    0x00, 0x00, 0x00, 0x4F, 0xFF, 0xE2, 0x00, 0x00, 0x00, 0x00, 0x01, 0xDF, 0xFF, 0x60, 0x00, 0x00,
    0x00, 0x00, 0x0A, 0xFF, 0xFA, 0x00, 0x00, 0x00, 0x00, 0x00, 0x7F, 0xFF, 0xD1, 0x00, 0x00, 0x00,
    0x00, 0x03, 0xFF, 0xFF, 0x40, 0x00, 0x00, 0x00, 0x00, 0x1D, 0xFF, 0xF8, 0x00, 0x00, 0x00, 0x00,
    0x00, 0xAF, 0xFF, 0xC0, 0x00, 0x00, 0x00, 0x00, 0x06, 0xFF, 0xFF, 0x53, 0x33, 0x33, 0x33, 0x00,
    0x2E, 0xFF, 0xFF, 0xFF, 0xFF, 0xFF, 0xFF, 0x30, 0x3F, 0xFF, 0xFF, 0xFF, 0xFF, 0xFF, 0xFF, 0x30,
    0x3F, 0xFF, 0xFF, 0xFF, 0xFF, 0xFF, 0xFF, 0x30,
    /* { */
    0x00, 0x00, 0x01, 0x7B, 0xDE, 0x10, 0x00, 0x00, 0x3E, 0xFF, 0xFF, 0x10, 0x00, 0x00, 0xDF, 0xFF,
    0xFF, 0x10, 0x00, 0x05, 0xFF, 0xFD, 0x63, 0x00, 0x00, 0x08, 0xFF, 0xF4, 0x00, 0x00, 0x00, 0x0A,
    0xFF, 0xE0, 0x00, 0x00, 0x00, 0x0B, 0xFF, 0xD0, 0x00, 0x00, 0x00, 0x0B, 0xFF, 0xC0, 0x00, 0x00,
    0x00, 0x0B, 0xFF, 0xC0, 0x00, 0x00, 0x00, 0x0B, 0xFF, 0xC0, 0x00, 0x00, 0x00, 0x0C, 0xFF, 0xC0,
    0x00, 0x00, 0x00, 0x2F, 0xFF, 0xA0, 0x00, 0x00, 0x35, 0xCF, 0xFF, 0x40, 0x00, 0x00, 0xEF, 0xFF,
    0xE6, 0x00, 0x00, 0x00, 0xEF, 0xFC, 0x20, 0x00, 0x00, 0x00, 0xEF, 0xFF, 0xF9, 0x00, 0x00, 0x00,
    0x02, 0xAF, 0xFF, 0x70, 0x00, 0x00, 0x00, 0x1E, 0xFF, 0xB0, 0x00, 0x00, 0x00, 0x0C, 0xFF, 0xC0,
    0x00, 0x00, 0x00, 0x0B, 0xFF, 0xC0, 0x00, 0x00, 0x00, 0x0B, 0xFF, 0xC0, 0x00, 0x00, 0x00, 0x0B,
    0xFF, 0xD0, 0x00, 0x00, 0x00, 0x0A, 0xFF, 0xE0, 0x00, 0x00, 0x00, 0x09, 0xFF, 0xF3, 0x00, 0x00,
    0x00, 0x06, 0xFF, 0xFD, 0x63, 0x00, 0x00, 0x01, 0xEF, 0xFF, 0xFF, 0x10, 0x00, 0x00, 0x4E, 0xFF,
    0xFF, 0x10, 0x00, 0x00, 0x01, 0x8B, 0xEF, 0x10,
    /* | */
    0xAF, 0xFE, 0xAF, 0xFE, 0xAF, 0xFE, 0xAF, 0xFE, 0xAF, 0xFE, 0xAF, 0xFE, 0xAF, 0xFE, 0xAF, 0xFE,
    0xAF, 0xFE, 0xAF, 0xFE, 0xAF, 0xFE, 0xAF, 0xFE, 0xAF, 0xFE, 0xAF, 0xFE, 0xAF, 0xFE, 0xAF, 0xFE,
    0xAF, 0xFE, 0xAF, 0xFE, 0xAF, 0xFE, 0xAF, 0xFE, 0xAF, 0xFE, 0xAF, 0xFE, 0xAF, 0xFE, 0xAF, 0xFE,
    0xAF, 0xFE, 0xAF, 0xFE, 0xAF, 0xFE, 0xAF, 0xFE, 0xAF, 0xFE, 0xAF, 0xFE, 0xAF, 0xFE, 0xAF, 0xFE,
    0xAF, 0xFE, 0xAF, 0xFE, 0xAF, 0xFE, 0xAF, 0xFE, 0xAF, 0xFE,
    /* } */
    0xDE, 0xC8, 0x10, 0x00, 0x00, 0x00, 0xEF, 0xFF, 0xE4, 0x00, 0x00, 0x00, 0xEF, 0xFF, 0xFE, 0x10,
    0x00, 0x00, 0x35, 0xCF, 0xFF, 0x70, 0x00, 0x00, 0x00, 0x2F, 0xFF, 0xA0, 0x00, 0x00, 0x00, 0x0C,
    0xFF, 0xC0, 0x00, 0x00, 0x00, 0x0B, 0xFF, 0xC0, 0x00, 0x00, 0x00, 0x0A, 0xFF, 0xC0, 0x00, 0x00,
    0x00, 0x0A, 0xFF, 0xC0, 0x00, 0x00, 0x00, 0x0A, 0xFF, 0xD0, 0x00, 0x00, 0x00, 0x0A, 0xFF, 0xE0,
    0x00, 0x00, 0x00, 0x08, 0xFF, 0xF4, 0x00, 0x00, 0x00, 0x03, 0xFF, 0xFD, 0x63, 0x00, 0x00, 0x00,
    0x4D, 0xFF, 0xFF, 0x10, 0x00, 0x00, 0x02, 0xBF, 0xFF, 0x10, 0x00, 0x00, 0x8F, 0xFF, 0xFF, 0x10,
    0x00, 0x05, 0xFF, 0xFC, 0x31, 0x00, 0x00, 0x09, 0xFF, 0xF2, 0x00, 0x00, 0x00, 0x0A, 0xFF, 0xE0,
    0x00, 0x00, 0x00, 0x0A, 0xFF, 0xC0, 0x00, 0x00, 0x00, 0x0A, 0xFF, 0xC0, 0x00, 0x00, 0x00, 0x0A,
    0xFF, 0xC0, 0x00, 0x00, 0x00, 0x0C, 0xFF, 0xC0, 0x00, 0x00, 0x00, 0x2F, 0xFF, 0xB0, 0x00, 0x00,
    0x35, 0xCF, 0xFF, 0x80, 0x00, 0x00, 0xEF, 0xFF, 0xFF, 0x20, 0x00, 0x00, 0xEF, 0xFF, 0xF5, 0x00,
    0x00, 0x00, 0xDE, 0xC8, 0x20, 0x00, 0x00, 0x00,
    /* ~ */
    0x00, 0x00, 0x12, 0x00, 0x00, 0x00, 0x00, 0x00, 0x00, 0x00, 0x3C, 0xFF, 0xE9, 0x10, 0x00, 0x08,
    0xAA, 0x30, 0x02, 0xEF, 0xFF, 0xFF, 0xD3, 0x00, 0x0E, 0xFF, 0x40, 0x0A, 0xFF, 0xFF, 0xFF, 0xFF,
    0x73, 0x9F, 0xFF, 0x20, 0x0E, 0xFF, 0x91, 0x3C, 0xFF, 0xFF, 0xFF, 0xFC, 0x00, 0x2F, 0xFF, 0x10,
    0x01, 0xAF, 0xFF, 0xFF, 0xE3, 0x00, 0x18, 0x87, 0x00, 0x00, 0x05, 0xCE, 0xEA, 0x20, 0x00,
};

static const aafont_glyph_t rooms_head_glyphs[95] = {
    /* offset, code point, advance (1/16 px), w, h, x, y */
    {      0, 0x0020,   121,   0,   0,    0,    0 }, /* space */
    {      0, 0x0021,   154,   6,  22,    2,  -22 }, /* ! */
    {     66, 0x0022,   251,  11,   9,    2,  -22 }, /* " */
    {    120, 0x0023,   309,  20,  22,    0,  -22 }, /* # */
    {    340, 0x0024,   312,  18,  29,    1,  -26 }, /* $ */
    {    601, 0x0025,   482,  26,  22,    2,  -22 }, /* % */
    {    887, 0x0026,   318,  19,  22,    1,  -22 }, /* & */
    {   1107, 0x0027,   156,   5,   9,    3,  -22 }, /* ' */
    {   1134, 0x0028,   179,   8,  28,    3,  -25 }, /* ( */
    {   1246, 0x0029,   179,   8,  28,    1,  -25 }, /* ) */
    {   1358, 0x002A,   319,  15,  15,    3,  -19 }, /* '*' */
    {   1478, 0x002B,   323,  15,  15,    3,  -19 }, /* + */
    {   1598, 0x002C,   153,   6,   9,    1,   -3 }, /* , */
    {   1625, 0x002D,   223,  10,   4,    2,  -14 }, /* - */
    {   1645, 0x002E,   153,   6,   5,    2,   -5 }, /* . */
    {   1660, 0x002F,   182,  11,  27,    0,  -24 }, /* '/' */
    {   1822, 0x0030,   317,  17,  22,    1,  -22 }, /* 0 */
    {   2020, 0x0031,   203,  10,  22,    1,  -22 }, /* 1 */
    {   2130, 0x0032,   299,  16,  22,    2,  -22 }, /* 2 */
    {   2306, 0x0033,   305,  17,  22,    2,  -22 }, /* 3 */
    {   2504, 0x0034,   320,  18,  22,    1,  -22 }, /* 4 */
    {   2702, 0x0035,   294,  17,  22,    1,  -22 }, /* 5 */
    {   2900, 0x0036,   307,  17,  22,    1,  -22 }, /* 6 */
    {   3098, 0x0037,   277,  16,  22,    1,  -22 }, /* 7 */
    {   3274, 0x0038,   307,  17,  22,    2,  -22 }, /* 8 */
    {   3472, 0x0039,   307,  17,  22,    2,  -22 }, /* 9 */
    {   3670, 0x003A,   153,   6,  16,    2,  -19 }, /* : */
    {   3718, 0x003B,   158,   7,  22,    1,  -16 }, /* ; */
    {   3806, 0x003C,   323,  15,  17,    2,  -19 }, /* < */
    {   3942, 0x003D,   323,  15,  11,    3,  -17 }, /* = */
    {   4030, 0x003E,   323,  16,  17,    2,  -19 }, /* > */
    {   4166, 0x003F,   261,  15,  22,    1,  -22 }, /* ? */
    {   4342, 0x0040,   480,  28,  28,    1,  -25 }, /* @ */
    {   4734, 0x0041,   349,  21,  22,    0,  -22 }, /* A */
    {   4976, 0x0042,   316,  18,  22,    1,  -22 }, /* B */
    {   5174, 0x0043,   354,  20,  22,    2,  -22 }, /* C */
    {   5394, 0x0044,   347,  19,  22,    1,  -22 }, /* D */
    {   5614, 0x0045,   291,  16,  22,    1,  -22 }, /* E */
    {   5790, 0x0046,   282,  15,  22,    1,  -22 }, /* F */
    {   5966, 0x0047,   360,  21,  22,    1,  -22 }, /* G */
    {   6208, 0x0048,   358,  19,  22,    1,  -22 }, /* H */
    {   6428, 0x0049,   133,   5,  22,    1,  -22 }, /* I */
    {   6494, 0x004A,   278,  15,  22,    0,  -22 }, /* J */
    {   6670, 0x004B,   338,  19,  22,    1,  -22 }, /* K */
    {   6890, 0x004C,   271,  15,  22,    1,  -22 }, /* L */
    {   7066, 0x004D,   443,  24,  22,    2,  -22 }, /* M */
    {   7330, 0x004E,   364,  20,  22,    1,  -22 }, /* N */
    {   7550, 0x004F,   369,  20,  22,    2,  -22 }, /* O */
    {   7770, 0x0050,   310,  17,  22,    1,  -22 }, /* P */
    {   7968, 0x0051,   371,  20,  24,    2,  -22 }, /* Q */
    {   8208, 0x0052,   313,  18,  22,    1,  -22 }, /* R */
    {   8406, 0x0053,   312,  18,  22,    1,  -22 }, /* S */
    {   8604, 0x0054,   317,  18,  22,    1,  -22 }, /* T */
    {   8802, 0x0055,   353,  18,  22,    2,  -22 }, /* U */
    {   9000, 0x0056,   349,  21,  22,    1,  -22 }, /* V */
    {   9242, 0x0057,   490,  30,  22,    0,  -22 }, /* W */
    {   9572, 0x0058,   345,  21,  22,    1,  -22 }, /* X */
    {   9814, 0x0059,   342,  20,  22,    1,  -22 }, /* Y */
    {  10034, 0x005A,   313,  18,  22,    1,  -22 }, /* Z */
    {  10232, 0x005B,   179,   7,  28,    3,  -25 }, /* [ */
    {  10344, 0x005C,   182,  11,  27,    0,  -24 }, /* backslash */
    {  10506, 0x005D,   179,   7,  28,    2,  -25 }, /* ] */
    {  10618, 0x005E,   231,  13,  10,    0,  -22 }, /* ^ */
    {  10688, 0x005F,   225,  15,   4,    0,   -1 }, /* _ */
    {  10720, 0x0060,   169,   6,   5,    2,  -24 }, /* ` */
    {  10735, 0x0061,   276,  15,  17,    0,  -17 }, /* a */
    {  10871, 0x0062,   300,  16,  22,    2,  -22 }, /* b */
    {  11047, 0x0063,   280,  15,  17,    1,  -17 }, /* c */
    {  11183, 0x0064,   300,  16,  22,    1,  -22 }, /* d */
    {  11359, 0x0065,   284,  16,  17,    1,  -17 }, /* e */
    {  11495, 0x0066,   187,  11,  23,    0,  -23 }, /* f */
    {  11633, 0x0067,   300,  16,  23,    1,  -17 }, /* g */
    {  11817, 0x0068,   294,  15,  22,    2,  -22 }, /* h */
    {  11993, 0x0069,   126,   6,  23,    1,  -23 }, /* i */
    {  12062, 0x006A,   126,   8,  29,   -1,  -23 }, /* j */
    {  12178, 0x006B,   273,  15,  22,    2,  -22 }, /* k */
    {  12354, 0x006C,   126,   4,  22,    2,  -22 }, /* l */
    {  12398, 0x006D,   432,  23,  17,    2,  -17 }, /* m */
    {  12602, 0x006E,   294,  15,  17,    2,  -17 }, /* n */
    {  12738, 0x006F,   292,  16,  17,    1,  -17 }, /* o */
    {  12874, 0x0070,   300,  16,  23,    2,  -17 }, /* p */
    {  13058, 0x0071,   300,  16,  23,    1,  -17 }, /* q */
    {  13242, 0x0072,   191,  10,  18,    2,  -18 }, /* r */
    {  13332, 0x0073,   264,  15,  17,    1,  -17 }, /* s */
    {  13468, 0x0074,   169,  11,  21,    0,  -21 }, /* t */
    {  13594, 0x0075,   294,  15,  17,    2,  -17 }, /* u */
    {  13730, 0x0076,   282,  18,  17,    0,  -17 }, /* v */
    {  13883, 0x0077,   403,  25,  17,    0,  -17 }, /* w */
    {  14104, 0x0078,   273,  17,  17,    0,  -17 }, /* x */
    {  14257, 0x0079,   282,  17,  23,    0,  -17 }, /* y */
    {  14464, 0x007A,   272,  15,  17,    1,  -17 }, /* z */
    {  14600, 0x007B,   218,  11,  28,    2,  -25 }, /* { */
    {  14768, 0x007C,   172,   4,  37,    3,  -30 }, /* | */
    {  14842, 0x007D,   218,  11,  28,    2,  -25 }, /* } */
    {  15010, 0x007E,   323,  17,   7,    2,  -15 }, /* ~ */
};

static const aafont_kern_t rooms_head_kerns[979] = {
    /* left, right (glyph indices), 1/16 px */
    { 2, 6, -16 }, { 2, 12, -42 }, { 2, 14, -42 }, { 2, 20, -30 }, { 2, 33, -38 }, { 2, 42, -79 },
    { 2, 67, -9 }, { 2, 68, -9 }, { 2, 69, -9 }, { 2, 71, -9 }, { 2, 79, -9 }, { 2, 81, -9 },
    { 4, 33, -5 }, { 4, 56, -6 }, { 6, 2, -16 }, { 6, 7, -16 }, { 6, 52, -27 }, { 6, 54, -30 },
    { 6, 55, -19 }, { 6, 57, -35 }, { 6, 60, -30 }, { 6, 86, -16 }, { 6, 87, -16 }, { 6, 89, -16 },
    { 7, 6, -16 }, { 7, 12, -42 }, { 7, 14, -42 }, { 7, 20, -30 }, { 7, 33, -38 }, { 7, 42, -79 },
    { 7, 67, -9 }, { 7, 68, -9 }, { 7, 69, -9 }, { 7, 71, -9 }, { 7, 79, -9 }, { 7, 81, -9 },
    { 8, 73, 10 }, { 8, 74, 17 }, { 10, 33, -16 }, { 10, 52, -16 }, { 10, 54, -19 }, { 10, 56, -22 },
    { 10, 57, -22 }, { 10, 60, -19 }, { 11, 18, -12 }, { 11, 19, -4 }, { 11, 23, -13 }, { 11, 33, -16 },
    { 11, 42, -22 }, { 11, 52, -36 }, { 11, 54, -22 }, { 11, 55, -16 }, { 11, 56, -18 }, { 11, 57, -33 },
    { 11, 60, -22 }, { 11, 88, -11 }, { 12, 0, -10 }, { 12, 1, -4 }, { 12, 2, -45 }, { 12, 7, -45 },
    { 12, 16, -13 }, { 12, 17, -43 }, { 12, 19, -12 }, { 12, 21, -4 }, { 12, 22, -13 }, { 12, 23, -10 },
    { 12, 24, -13 }, { 12, 25, -5 }, { 12, 31, -42 }, { 12, 35, -21 }, { 12, 39, -21 }, { 12, 47, -21 },
    { 12, 49, -21 }, { 12, 52, -16 }, { 12, 57, -26 }, { 13, 18, -12 }, { 13, 19, -4 }, { 13, 23, -13 },
    { 13, 33, -16 }, { 13, 42, -22 }, { 13, 52, -36 }, { 13, 54, -22 }, { 13, 55, -16 }, { 13, 56, -18 },
    { 13, 57, -33 }, { 13, 60, -22 }, { 13, 88, -11 }, { 14, 0, -10 }, { 14, 1, -4 }, { 14, 2, -45 },
    { 14, 7, -45 }, { 14, 16, -13 }, { 14, 17, -43 }, { 14, 19, -12 }, { 14, 21, -4 }, { 14, 22, -13 },
    { 14, 23, -10 }, { 14, 24, -13 }, { 14, 25, -5 }, { 14, 31, -42 }, { 14, 35, -21 }, { 14, 39, -21 },
    { 14, 47, -21 }, { 14, 49, -21 }, { 14, 52, -16 }, { 14, 57, -26 }, { 15, 12, -19 }, { 15, 14, -19 },
    { 15, 33, -12 }, { 15, 42, -30 }, { 16, 12, -13 }, { 16, 14, -13 }, { 16, 23, -9 }, { 16, 54, -10 },
    { 16, 56, -17 }, { 16, 57, -16 }, { 16, 60, -10 }, { 16, 63, -22 }, { 16, 84, 8 }, { 17, 63, 6 },
    { 17, 84, 7 }, { 17, 86, 4 }, { 17, 89, 4 }, { 18, 20, -8 }, { 19, 12, -10 }, { 19, 14, -10 },
    { 19, 56, -10 }, { 19, 62, -4 }, { 20, 12, -16 }, { 20, 14, -16 }, { 20, 17, -15 }, { 20, 62, -15 },
    { 21, 12, -12 }, { 21, 14, -12 }, { 22, 12, -15 }, { 22, 14, -15 }, { 22, 63, -22 }, { 23, 3, -27 },
    { 23, 6, -22 }, { 23, 12, -60 }, { 23, 14, -60 }, { 23, 16, -8 }, { 23, 19, -8 }, { 23, 20, -28 },
    { 23, 21, -5 }, { 23, 22, -8 }, { 23, 23, 9 }, { 23, 24, -7 }, { 23, 25, -5 }, { 23, 26, -16 },
    { 23, 27, -16 }, { 23, 33, -52 }, { 23, 42, -46 }, { 23, 63, -76 }, { 23, 65, -22 }, { 23, 67, -24 },
    { 23, 68, -24 }, { 23, 69, -24 }, { 23, 71, -24 }, { 23, 77, -24 }, { 23, 78, -24 }, { 23, 79, -24 },
    { 23, 80, -24 }, { 23, 81, -24 }, { 23, 82, -24 }, { 23, 83, -19 }, { 24, 12, -10 }, { 24, 14, -10 },
    { 24, 56, -10 }, { 24, 62, -4 }, { 25, 12, -13 }, { 25, 14, -13 }, { 25, 23, -9 }, { 25, 54, -10 },
    { 25, 56, -17 }, { 25, 57, -16 }, { 25, 60, -10 }, { 25, 63, -22 }, { 25, 84, 8 }, { 27, 52, -16 },
    { 27, 54, -30 }, { 27, 60, -30 }, { 29, 33, -24 }, { 29, 52, -22 }, { 29, 54, -33 }, { 29, 55, -30 },
    { 29, 56, -24 }, { 29, 57, -46 }, { 29, 60, -33 }, { 29, 86, -19 }, { 29, 88, -16 }, { 29, 89, -19 },
    { 31, 33, -30 }, { 33, 2, -38 }, { 33, 4, -5 }, { 33, 7, -38 }, { 33, 10, -16 }, { 33, 11, -16 },
    { 33, 13, -16 }, { 33, 15, 7 }, { 33, 17, -21 }, { 33, 29, -24 }, { 33, 31, -30 }, { 33, 33, 7 },
    { 33, 35, -19 }, { 33, 39, -19 }, { 33, 47, -19 }, { 33, 49, -19 }, { 33, 51, -5 }, { 33, 52, -42 },
    { 33, 53, -9 }, { 33, 54, -36 }, { 33, 55, -32 }, { 33, 57, -37 }, { 33, 60, -36 }, { 33, 62, -43 },
    { 33, 67, -7 }, { 33, 68, -7 }, { 33, 69, -7 }, { 33, 71, -7 }, { 33, 79, -7 }, { 33, 81, -7 },
    { 33, 83, -4 }, { 33, 84, -12 }, { 33, 86, -33 }, { 33, 87, -33 }, { 33, 89, -33 }, { 33, 94, -16 },
    { 34, 52, -27 }, { 35, 33, -12 }, { 35, 56, -6 }, { 35, 63, -19 }, { 36, 12, -21 }, { 36, 14, -21 },
    { 36, 15, -19 }, { 36, 33, -19 }, { 36, 52, -15 }, { 36, 54, -18 }, { 36, 55, -8 }, { 36, 56, -22 },
    { 36, 57, -19 }, { 36, 60, -18 }, { 36, 63, -19 }, { 38, 12, -19 }, { 38, 14, -16 }, { 38, 33, -44 },
    { 38, 42, -33 }, { 38, 63, -16 }, { 38, 65, -9 }, { 38, 67, -15 }, { 38, 68, -15 }, { 38, 69, -15 },
    { 38, 71, -15 }, { 38, 77, -11 }, { 38, 78, -11 }, { 38, 79, -15 }, { 38, 80, -11 }, { 38, 81, -15 },
    { 38, 82, -11 }, { 38, 85, -16 }, { 38, 86, -16 }, { 38, 89, -16 }, { 38, 90, -16 }, { 39, 33, -14 },
    { 39, 52, -15 }, { 39, 54, -11 }, { 39, 56, -6 }, { 39, 57, -13 }, { 39, 60, -11 }, { 40, 63, 6 },
    { 40, 84, 7 }, { 40, 86, 4 }, { 40, 89, 4 }, { 41, 63, 6 }, { 41, 84, 7 }, { 41, 86, 4 },
    { 41, 89, 4 }, { 42, 12, -16 }, { 42, 14, -16 }, { 42, 15, -27 }, { 42, 33, -9 }, { 42, 63, -24 },
    { 43, 4, -5 }, { 43, 10, -16 }, { 43, 11, -42 }, { 43, 13, -42 }, { 43, 29, -16 }, { 43, 35, -18 },
    { 43, 39, -18 }, { 43, 47, -18 }, { 43, 49, -18 }, { 43, 51, -5 }, { 43, 67, -19 }, { 43, 68, -19 },
    { 43, 69, -19 }, { 43, 71, -19 }, { 43, 73, 5 }, { 43, 79, -19 }, { 43, 81, -19 }, { 43, 85, -16 },
    { 43, 86, -19 }, { 43, 87, -30 }, { 43, 89, -19 }, { 43, 94, -42 }, { 44, 2, -44 }, { 44, 7, -44 },
    { 44, 10, -16 }, { 44, 11, -35 }, { 44, 13, -35 }, { 44, 17, -22 }, { 44, 35, -14 }, { 44, 39, -14 },
    { 44, 47, -14 }, { 44, 49, -14 }, { 44, 52, -45 }, { 44, 54, -36 }, { 44, 55, -12 }, { 44, 57, -33 },
    { 44, 60, -36 }, { 44, 62, -63 }, { 44, 84, -11 }, { 44, 86, -33 }, { 44, 89, -33 }, { 44, 94, -35 },
    { 45, 63, 6 }, { 45, 84, 7 }, { 45, 86, 4 }, { 45, 89, 4 }, { 46, 63, 6 }, { 46, 84, 7 },
    { 46, 86, 4 }, { 46, 89, 4 }, { 47, 12, -21 }, { 47, 14, -21 }, { 47, 15, -19 }, { 47, 33, -19 },
    { 47, 52, -15 }, { 47, 54, -18 }, { 47, 55, -8 }, { 47, 56, -22 }, { 47, 57, -19 }, { 47, 60, -18 },
    { 47, 63, -19 }, { 48, 6, -16 }, { 48, 11, -14 }, { 48, 12, -19 }, { 48, 13, -14 }, { 48, 14, -16 },
    { 48, 33, -38 }, { 48, 42, -46 }, { 48, 65, -4 }, { 48, 67, -4 }, { 48, 68, -4 }, { 48, 69, -4 },
    { 48, 71, -4 }, { 48, 79, -4 }, { 48, 81, -4 }, { 48, 94, -14 }, { 49, 12, -21 }, { 49, 14, -21 },
    { 49, 15, -19 }, { 49, 33, -19 }, { 49, 52, -15 }, { 49, 54, -18 }, { 49, 55, -8 }, { 49, 56, -22 },
    { 49, 57, -19 }, { 49, 60, -18 }, { 49, 63, -19 }, { 50, 54, -9 }, { 50, 57, -13 }, { 50, 60, -9 },
    { 50, 67, -6 }, { 50, 68, -6 }, { 50, 69, -6 }, { 50, 71, -6 }, { 50, 79, -6 }, { 50, 81, -6 },
    { 51, 33, -5 }, { 51, 56, -6 }, { 52, 6, -16 }, { 52, 10, -16 }, { 52, 11, -28 }, { 52, 12, -16 },
    { 52, 13, -28 }, { 52, 14, -16 }, { 52, 15, -24 }, { 52, 16, -16 }, { 52, 20, -33 }, { 52, 22, -16 },
    { 52, 23, -38 }, { 52, 26, -19 }, { 52, 27, -16 }, { 52, 29, -16 }, { 52, 33, -42 }, { 52, 35, -15 },
    { 52, 39, -15 }, { 52, 42, -44 }, { 52, 47, -15 }, { 52, 49, -15 }, { 52, 57, 6 }, { 52, 63, -27 },
    { 52, 65, -35 }, { 52, 67, -38 }, { 52, 68, -38 }, { 52, 69, -38 }, { 52, 71, -38 }, { 52, 77, -27 },
    { 52, 78, -27 }, { 52, 79, -38 }, { 52, 80, -27 }, { 52, 81, -38 }, { 52, 82, -27 }, { 52, 83, -35 },
    { 52, 84, -49 }, { 52, 85, -35 }, { 52, 86, -30 }, { 52, 87, -30 }, { 52, 88, -20 }, { 52, 89, -30 },
    { 52, 90, -22 }, { 52, 94, -28 }, { 53, 12, -16 }, { 53, 14, -16 }, { 53, 15, -27 }, { 53, 33, -9 },
    { 53, 63, -24 }, { 54, 6, -24 }, { 54, 10, -19 }, { 54, 11, -26 }, { 54, 12, -46 }, { 54, 13, -26 },
    { 54, 14, -46 }, { 54, 15, -23 }, { 54, 16, -10 }, { 54, 20, -16 }, { 54, 22, -10 }, { 54, 26, -30 },
    { 54, 27, -30 }, { 54, 29, -30 }, { 54, 33, -36 }, { 54, 35, -18 }, { 54, 39, -18 }, { 54, 42, -46 },
    { 54, 47, -18 }, { 54, 49, -18 }, { 54, 54, 7 }, { 54, 60, 7 }, { 54, 63, -38 }, { 54, 65, -27 },
    { 54, 67, -28 }, { 54, 68, -28 }, { 54, 69, -28 }, { 54, 71, -28 }, { 54, 79, -28 }, { 54, 81, -28 },
    { 54, 83, -22 }, { 54, 94, -26 }, { 55, 6, -24 }, { 55, 11, -21 }, { 55, 12, -46 }, { 55, 13, -21 },
    { 55, 14, -46 }, { 55, 15, -10 }, { 55, 20, -16 }, { 55, 26, -24 }, { 55, 27, -24 }, { 55, 29, -30 },
    { 55, 33, -32 }, { 55, 35, -8 }, { 55, 39, -8 }, { 55, 42, -30 }, { 55, 47, -8 }, { 55, 49, -8 },
    { 55, 55, 11 }, { 55, 65, -26 }, { 55, 67, -24 }, { 55, 68, -24 }, { 55, 69, -24 }, { 55, 71, -24 },
    { 55, 77, -16 }, { 55, 78, -16 }, { 55, 79, -24 }, { 55, 80, -16 }, { 55, 81, -24 }, { 55, 82, -16 },
    { 55, 83, -16 }, { 55, 94, -21 }, { 56, 4, -6 }, { 56, 10, -22 }, { 56, 11, -18 }, { 56, 13, -18 },
    { 56, 16, -17 }, { 56, 19, -10 }, { 56, 20, -19 }, { 56, 22, -17 }, { 56, 24, -10 }, { 56, 29, -24 },
    { 56, 35, -22 }, { 56, 39, -22 }, { 56, 47, -22 }, { 56, 49, -22 }, { 56, 51, -6 }, { 56, 52, -19 },
    { 56, 65, -27 }, { 56, 67, -14 }, { 56, 68, -14 }, { 56, 69, -14 }, { 56, 71, -14 }, { 56, 79, -14 },
    { 56, 81, -14 }, { 56, 94, -18 }, { 57, 6, -30 }, { 57, 10, -19 }, { 57, 11, -33 }, { 57, 12, -26 },
    { 57, 13, -33 }, { 57, 14, -26 }, { 57, 20, -33 }, { 57, 26, -30 }, { 57, 27, -30 }, { 57, 29, -46 },
    { 57, 33, -37 }, { 57, 35, -19 }, { 57, 39, -19 }, { 57, 42, -16 }, { 57, 47, -19 }, { 57, 49, -19 },
    { 57, 52, 6 }, { 57, 65, -44 }, { 57, 67, -47 }, { 57, 68, -47 }, { 57, 69, -47 }, { 57, 71, -47 },
    { 57, 73, -11 }, { 57, 77, -19 }, { 57, 78, -19 }, { 57, 79, -47 }, { 57, 80, -19 }, { 57, 81, -47 },
    { 57, 82, -19 }, { 57, 83, -33 }, { 57, 85, -19 }, { 57, 94, -33 }, { 58, 11, -18 }, { 58, 13, -18 },
    { 58, 35, -16 }, { 58, 39, -16 }, { 58, 47, -16 }, { 58, 49, -16 }, { 58, 94, -18 }, { 59, 73, 10 },
    { 59, 74, 17 }, { 60, 2, -38 }, { 60, 4, -5 }, { 60, 7, -38 }, { 60, 10, -16 }, { 60, 11, -16 },
    { 60, 13, -16 }, { 60, 15, 7 }, { 60, 17, -21 }, { 60, 29, -24 }, { 60, 31, -30 }, { 60, 33, 7 },
    { 60, 35, -19 }, { 60, 39, -19 }, { 60, 47, -19 }, { 60, 49, -19 }, { 60, 51, -5 }, { 60, 52, -19 },
    { 60, 53, -9 }, { 60, 54, -23 }, { 60, 55, -27 }, { 60, 57, -37 }, { 60, 60, -23 }, { 60, 62, -43 },
    { 60, 67, -7 }, { 60, 68, -7 }, { 60, 69, -7 }, { 60, 71, -7 }, { 60, 79, -7 }, { 60, 81, -7 },
    { 60, 83, -4 }, { 60, 84, -12 }, { 60, 86, -24 }, { 60, 87, -33 }, { 60, 89, -24 }, { 60, 94, -16 },
    { 62, 6, -16 }, { 62, 12, -65 }, { 62, 14, -65 }, { 62, 20, -22 }, { 62, 33, -43 }, { 62, 35, -7 },
    { 62, 39, -7 }, { 62, 42, -46 }, { 62, 47, -7 }, { 62, 49, -7 }, { 62, 63, -33 }, { 63, 16, -22 },
    { 63, 17, -52 }, { 63, 19, -22 }, { 63, 20, -27 }, { 63, 21, -22 }, { 63, 22, -22 }, { 63, 24, -22 },
    { 63, 25, -22 }, { 63, 34, 16 }, { 63, 35, -19 }, { 63, 36, 16 }, { 63, 37, 16 }, { 63, 38, 16 },
    { 63, 39, -19 }, { 63, 40, 16 }, { 63, 41, 16 }, { 63, 43, 16 }, { 63, 44, 16 }, { 63, 45, 16 },
    { 63, 46, 16 }, { 63, 47, -19 }, { 63, 48, 16 }, { 63, 49, -19 }, { 63, 50, 16 }, { 63, 52, -27 },
    { 63, 53, -19 }, { 63, 54, -38 }, { 63, 60, -38 }, { 63, 62, -33 }, { 63, 66, 16 }, { 63, 72, 16 },
    { 63, 73, 10 }, { 63, 74, 46 }, { 63, 75, 16 }, { 63, 76, 16 }, { 63, 77, 16 }, { 63, 78, 16 },
    { 63, 80, 16 }, { 63, 82, 16 }, { 63, 86, -38 }, { 63, 89, -38 }, { 63, 92, 16 }, { 65, 2, -7 },
    { 65, 7, -7 }, { 65, 17, -19 }, { 65, 52, -34 }, { 65, 54, -24 }, { 65, 55, -24 }, { 65, 57, -43 },
    { 65, 60, -24 }, { 65, 86, -8 }, { 65, 89, -8 }, { 66, 2, -9 }, { 66, 7, -9 }, { 66, 17, -16 },
    { 66, 33, -16 }, { 66, 52, -38 }, { 66, 54, -28 }, { 66, 55, -24 }, { 66, 56, -14 }, { 66, 57, -50 },
    { 66, 60, -28 }, { 66, 65, 5 }, { 66, 86, -9 }, { 66, 87, -7 }, { 66, 88, -10 }, { 66, 89, -9 },
    { 66, 90, -9 }, { 67, 2, -9 }, { 67, 7, -9 }, { 67, 17, -16 }, { 67, 33, -16 }, { 67, 52, -38 },
    { 67, 54, -28 }, { 67, 55, -24 }, { 67, 56, -14 }, { 67, 57, -50 }, { 67, 60, -28 }, { 67, 65, 5 },
    { 67, 86, -9 }, { 67, 87, -7 }, { 67, 88, -10 }, { 67, 89, -9 }, { 67, 90, -9 }, { 68, 63, 6 },
    { 68, 84, 7 }, { 68, 86, 4 }, { 68, 89, 4 }, { 69, 2, -9 }, { 69, 7, -9 }, { 69, 17, -16 },
    { 69, 33, -16 }, { 69, 52, -38 }, { 69, 54, -28 }, { 69, 55, -24 }, { 69, 56, -14 }, { 69, 57, -50 },
    { 69, 60, -28 }, { 69, 65, 5 }, { 69, 86, -9 }, { 69, 87, -7 }, { 69, 88, -10 }, { 69, 89, -9 },
    { 69, 90, -9 }, { 70, 10, -9 }, { 70, 11, -11 }, { 70, 12, -27 }, { 70, 13, -11 }, { 70, 14, -27 },
    { 70, 15, -9 }, { 70, 20, -30 }, { 70, 33, -16 }, { 70, 42, -30 }, { 70, 63, -7 }, { 70, 65, -9 },
    { 70, 67, -11 }, { 70, 68, -11 }, { 70, 69, -11 }, { 70, 70, -20 }, { 70, 71, -11 }, { 70, 79, -11 },
    { 70, 81, -11 }, { 70, 83, -9 }, { 70, 84, -18 }, { 70, 87, 9 }, { 70, 94, -11 }, { 71, 52, -24 },
    { 72, 2, -7 }, { 72, 7, -7 }, { 72, 17, -19 }, { 72, 52, -34 }, { 72, 54, -24 }, { 72, 55, -24 },
    { 72, 57, -43 }, { 72, 60, -24 }, { 72, 86, -8 }, { 72, 89, -8 }, { 73, 9, 12 }, { 73, 61, 12 },
    { 73, 93, 12 }, { 74, 9, 12 }, { 74, 61, 12 }, { 74, 93, 12 }, { 75, 11, -26 }, { 75, 13, -26 },
    { 75, 20, -22 }, { 75, 52, -27 }, { 75, 67, -11 }, { 75, 68, -11 }, { 75, 69, -11 }, { 75, 71, -11 },
    { 75, 79, -11 }, { 75, 81, -11 }, { 75, 94, -26 }, { 76, 63, 6 }, { 76, 84, 7 }, { 76, 86, 4 },
    { 76, 89, 4 }, { 77, 2, -7 }, { 77, 7, -7 }, { 77, 17, -19 }, { 77, 52, -34 }, { 77, 54, -24 },
    { 77, 55, -24 }, { 77, 57, -43 }, { 77, 60, -24 }, { 77, 86, -8 }, { 77, 89, -8 }, { 78, 2, -7 },
    { 78, 7, -7 }, { 78, 17, -19 }, { 78, 52, -34 }, { 78, 54, -24 }, { 78, 55, -24 }, { 78, 57, -43 },
    { 78, 60, -24 }, { 78, 86, -8 }, { 78, 89, -8 }, { 79, 2, -9 }, { 79, 7, -9 }, { 79, 17, -16 },
    { 79, 33, -16 }, { 79, 52, -38 }, { 79, 54, -28 }, { 79, 55, -24 }, { 79, 56, -14 }, { 79, 57, -50 },
    { 79, 60, -28 }, { 79, 65, 5 }, { 79, 86, -9 }, { 79, 87, -7 }, { 79, 88, -10 }, { 79, 89, -9 },
    { 79, 90, -9 }, { 80, 2, -9 }, { 80, 7, -9 }, { 80, 17, -16 }, { 80, 33, -16 }, { 80, 52, -38 },
    { 80, 54, -28 }, { 80, 55, -24 }, { 80, 56, -14 }, { 80, 57, -50 }, { 80, 60, -28 }, { 80, 65, 5 },
    { 80, 86, -9 }, { 80, 87, -7 }, { 80, 88, -10 }, { 80, 89, -9 }, { 80, 90, -9 }, { 81, 52, -24 },
    { 82, 11, -18 }, { 82, 12, -30 }, { 82, 13, -18 }, { 82, 14, -30 }, { 82, 15, -15 }, { 82, 33, -19 },
    { 82, 34, 8 }, { 82, 36, 8 }, { 82, 37, 8 }, { 82, 38, 8 }, { 82, 40, 8 }, { 82, 41, 8 },
    { 82, 42, -27 }, { 82, 43, 8 }, { 82, 44, 8 }, { 82, 45, 8 }, { 82, 46, 8 }, { 82, 48, 8 },
    { 82, 50, 8 }, { 82, 52, -27 }, { 82, 58, -16 }, { 82, 65, -4 }, { 82, 66, 8 }, { 82, 67, -11 },
    { 82, 68, -11 }, { 82, 69, -11 }, { 82, 70, 9 }, { 82, 71, -11 }, { 82, 72, 8 }, { 82, 74, 7 },
    { 82, 75, 8 }, { 82, 76, 8 }, { 82, 77, 5 }, { 82, 78, 5 }, { 82, 79, -11 }, { 82, 80, 5 },
    { 82, 81, -11 }, { 82, 82, 5 }, { 82, 84, 9 }, { 82, 86, 8 }, { 82, 87, 4 }, { 82, 88, 8 },
    { 82, 89, 8 }, { 82, 92, 8 }, { 82, 94, -18 }, { 83, 52, -35 }, { 83, 54, -22 }, { 83, 55, -16 },
    { 83, 57, -35 }, { 83, 60, -22 }, { 84, 10, -4 }, { 84, 11, -8 }, { 84, 13, -8 }, { 84, 20, -4 },
    { 84, 52, -16 }, { 84, 57, -5 }, { 84, 67, -5 }, { 84, 68, -5 }, { 84, 69, -5 }, { 84, 70, -14 },
    { 84, 71, -5 }, { 84, 74, 4 }, { 84, 79, -5 }, { 84, 81, -5 }, { 84, 83, -4 }, { 84, 86, 10 },
    { 84, 87, 9 }, { 84, 89, 10 }, { 84, 94, -8 }, { 85, 11, -18 }, { 85, 13, -18 }, { 85, 15, -16 },
    { 85, 52, -24 }, { 85, 57, -27 }, { 85, 63, -16 }, { 85, 94, -18 }, { 86, 11, -19 }, { 86, 12, -19 },
    { 86, 13, -19 }, { 86, 14, -19 }, { 86, 15, -27 }, { 86, 29, -19 }, { 86, 33, -33 }, { 86, 42, -30 },
    { 86, 52, -16 }, { 86, 57, -16 }, { 86, 63, -38 }, { 86, 65, -4 }, { 86, 67, -9 }, { 86, 68, -9 },
    { 86, 69, -9 }, { 86, 70, 7 }, { 86, 71, -9 }, { 86, 79, -9 }, { 86, 81, -9 }, { 86, 84, 8 },
    { 86, 94, -19 }, { 87, 6, -16 }, { 87, 12, -35 }, { 87, 14, -35 }, { 87, 33, -33 }, { 87, 42, -27 },
    { 87, 52, -24 }, { 87, 58, -16 }, { 87, 67, -7 }, { 87, 68, -7 }, { 87, 69, -7 }, { 87, 71, -7 },
    { 87, 79, -7 }, { 87, 81, -7 }, { 88, 11, -11 }, { 88, 13, -11 }, { 88, 29, -16 }, { 88, 52, -20 },
    { 88, 67, -10 }, { 88, 68, -10 }, { 88, 69, -10 }, { 88, 70, 8 }, { 88, 71, -10 }, { 88, 79, -10 },
    { 88, 81, -10 }, { 88, 84, 8 }, { 88, 94, -11 }, { 89, 11, -19 }, { 89, 12, -19 }, { 89, 13, -19 },
    { 89, 14, -19 }, { 89, 15, -27 }, { 89, 29, -19 }, { 89, 33, -33 }, { 89, 42, -30 }, { 89, 52, -16 },
    { 89, 57, -16 }, { 89, 63, -38 }, { 89, 65, -4 }, { 89, 67, -9 }, { 89, 68, -9 }, { 89, 69, -9 },
    { 89, 70, 7 }, { 89, 71, -9 }, { 89, 79, -9 }, { 89, 81, -9 }, { 89, 84, 8 }, { 89, 94, -19 },
    { 90, 52, -16 }, { 90, 67, -9 }, { 90, 68, -9 }, { 90, 69, -9 }, { 90, 71, -9 }, { 90, 79, -9 },
    { 90, 81, -9 }, { 91, 73, 10 }, { 91, 74, 17 }, { 92, 63, 6 }, { 92, 84, 7 }, { 92, 86, 4 },
    { 92, 89, 4 }, { 94, 18, -12 }, { 94, 19, -4 }, { 94, 23, -13 }, { 94, 33, -16 }, { 94, 42, -22 },
    { 94, 52, -36 }, { 94, 54, -22 }, { 94, 55, -16 }, { 94, 56, -18 }, { 94, 57, -33 }, { 94, 60, -22 },
    { 94, 88, -11 },
};

const aafont_t aafont_rooms_head = {
    .glyphs = rooms_head_glyphs,
    .bits = rooms_head_bits,
    .kerns = rooms_head_kerns,
    .bits_len = 15073,
    .count = 95,
    .kern_count = 979,
    .cap = 22,
    .x_height = 17,
    .ascent = 30,
    .descent = 8,
    .line = 38,
};

#endif /* FONT_ROOMS_HEAD_H */
